id,field,tp,fp,fn,pred,gold
22,entities,1,3,1,family_member;location;third_party;victim,family_member;money
22,relations,2,13,0,claims_financial_loss;creates_false_narrative;creates_urgency;demands_secrecy;impersonates_official;mentions_case_number;mentions_suspicious_activity;normal_call;refers_to_family;requests_personal_info;requests_physical_action;requests_remote_control;requests_security_code;requests_verification_code;warns_against_disclosure,creates_urgency;normal_call
22,qualifiers,0,3,1,coercive_pressure;institutional_pretext;urgency,temporal_pressure
70,entities,1,5,1,family_member;location;personal_information;phone_call;third_party;victim,family_member;money
70,relations,2,11,0,cites_legal_authority;claims_financial_loss;creates_urgency;demands_secrecy;impersonates_official;normal_call;refers_to_family;requests_personal_info;requests_physical_action;requests_remote_control;requests_specific_action;requests_verification_code;warns_against_disclosure,creates_urgency;normal_call
70,qualifiers,0,2,1,coercive_pressure;institutional_pretext,temporal_pressure
73,entities,3,4,0,bank_account;bank_employee;family_member;location;money;third_party;victim,bank_account;family_member;money
73,relations,1,16,0,cites_legal_authority;claims_financial_loss;claims_identity_theft;creates_urgency;demands_money_transfer;demands_secrecy;induces_fear;mentions_account_freeze;normal_call;refers_to_family;requests_personal_info;requests_physical_action;requests_remote_control;requests_security_code;requests_verification_code;threatens_arrest;warns_against_disclosure,creates_urgency
73,qualifiers,1,3,2,coercive_pressure;institutional_pretext;transfer_channel;urgency,requested_action_type;temporal_pressure;transfer_channel
97,entities,1,4,1,family_member;location;personal_information;third_party;victim,family_member;money
97,relations,2,10,0,creates_false_narrative;creates_urgency;demands_secrecy;mentions_case_number;mentions_suspicious_activity;normal_call;refers_to_family;requests_personal_info;requests_remote_control;requests_specific_action;requests_verification_code;warns_against_disclosure,creates_urgency;normal_call
97,qualifiers,0,3,1,coercive_pressure;institutional_pretext;urgency,temporal_pressure
98,entities,1,5,1,family_member;location;money;phone_call;third_party;victim,money;security_code
98,relations,2,12,0,claims_financial_loss;claims_identity_theft;creates_false_narrative;creates_urgency;demands_secrecy;induces_fear;mentions_case_number;mentions_suspicious_activity;normal_call;refers_to_family;requests_physical_action;requests_remote_control;requests_specific_action;warns_against_disclosure,creates_urgency;normal_call
98,qualifiers,1,3,0,coercive_pressure;institutional_pretext;temporal_pressure;urgency,temporal_pressure
135,entities,2,5,0,bank_employee;family_member;location;money;personal_information;third_party;victim,family_member;money
135,relations,2,10,0,cites_legal_authority;claims_financial_loss;claims_identity_theft;creates_urgency;normal_call;refers_to_family;requests_personal_info;requests_physical_action;requests_security_code;requests_specific_action;requests_verification_code;warns_against_disclosure,creates_urgency;normal_call
135,qualifiers,1,3,1,coercive_pressure;institutional_pretext;temporal_pressure;urgency,temporal_pressure;transfer_channel
164,entities,2,4,0,case_number;family_member;location;money;third_party;victim,family_member;money
164,relations,2,9,1,claims_financial_loss;creates_false_narrative;creates_urgency;demands_secrecy;mentions_case_number;normal_call;refers_to_family;requests_physical_action;requests_remote_control;requests_verification_code;warns_against_disclosure,creates_urgency;normal_call;threatens_arrest
164,qualifiers,0,3,1,coercive_pressure;institutional_pretext;urgency,temporal_pressure
189,entities,2,5,0,caller;family_member;location;money;personal_information;third_party;victim,family_member;money
189,relations,2,14,0,claims_financial_loss;creates_false_narrative;creates_urgency;demands_secrecy;impersonates_official;induces_fear;mentions_case_number;normal_call;refers_to_family;requests_personal_info;requests_physical_action;requests_remote_control;requests_security_code;requests_specific_action;requests_verification_code;warns_against_disclosure,creates_urgency;normal_call
189,qualifiers,1,3,0,coercive_pressure;institutional_pretext;temporal_pressure;urgency,temporal_pressure
201,entities,2,3,0,family_member;location;money;third_party;victim,family_member;money
201,relations,2,10,0,claims_financial_loss;creates_urgency;demands_secrecy;mentions_case_number;mentions_suspicious_activity;normal_call;refers_to_family;requests_personal_info;requests_physical_action;requests_remote_control;requests_verification_code;warns_against_disclosure,creates_urgency;normal_call
201,qualifiers,1,3,0,coercive_pressure;institutional_pretext;temporal_pressure;urgency,temporal_pressure
203,entities,2,4,0,document;family_member;location;money;third_party;victim,family_member;money
203,relations,2,16,0,cites_legal_authority;claims_financial_loss;claims_identity_theft;creates_false_narrative;creates_urgency;demands_secrecy;impersonates_official;mentions_case_number;mentions_suspicious_activity;normal_call;refers_to_family;requests_personal_info;requests_physical_action;requests_remote_control;requests_security_code;requests_specific_action;requests_verification_code;warns_against_disclosure,creates_urgency;normal_call
203,qualifiers,0,3,1,coercive_pressure;institutional_pretext;urgency,temporal_pressure
221,entities,1,3,0,family_member;location;money;third_party,money
221,relations,1,11,0,claims_financial_loss;demands_money_transfer;demands_secrecy;induces_fear;normal_call;refers_to_family;requests_personal_info;requests_physical_action;requests_remote_control;requests_security_code;requests_verification_code;warns_against_disclosure,normal_call
221,qualifiers,0,3,0,institutional_pretext;requested_action_type;temporal_pressure,
229,entities,2,5,0,family_member;location;money;personal_information;phone_call;third_party;victim,family_member;money
229,relations,2,6,0,claims_financial_loss;creates_urgency;mentions_suspicious_activity;normal_call;refers_to_family;requests_personal_info;requests_physical_action;warns_against_disclosure,creates_urgency;normal_call
229,qualifiers,0,4,1,coercive_pressure;institutional_pretext;requested_action_type;urgency,temporal_pressure
248,entities,2,4,0,family_member;location;money;personal_information;third_party;victim,family_member;money
248,relations,2,13,0,cites_legal_authority;claims_financial_loss;creates_false_narrative;creates_urgency;demands_money_transfer;demands_secrecy;mentions_suspicious_activity;normal_call;refers_to_family;requests_personal_info;requests_physical_action;requests_remote_control;requests_specific_action;requests_verification_code;warns_against_disclosure,creates_urgency;normal_call
248,qualifiers,0,2,1,coercive_pressure;urgency,temporal_pressure
265,entities,1,3,1,case_number;family_member;loan;third_party,family_member;money
265,relations,1,12,1,claims_identity_theft;creates_false_narrative;creates_urgency;demands_secrecy;induces_fear;mentions_case_number;normal_call;refers_to_family;requests_physical_action;requests_remote_control;requests_specific_action;requests_verification_code;warns_against_disclosure,creates_urgency;threatens_arrest
265,qualifiers,0,3,1,coercive_pressure;institutional_pretext;urgency,temporal_pressure
268,entities,0,2,2,location;victim,government_agency;money
268,relations,1,4,0,normal_call;refers_to_family;requests_remote_control;requests_specific_action;warns_against_disclosure,normal_call
268,qualifiers,0,2,0,coercive_pressure;institutional_pretext,
294,entities,1,2,0,bank_employee;location;money,money
294,relations,1,11,0,cites_legal_authority;claims_financial_loss;creates_urgency;demands_secrecy;impersonates_official;mentions_case_number;mentions_suspicious_activity;normal_call;requests_physical_action;requests_remote_control;requests_verification_code;warns_against_disclosure,creates_urgency
294,qualifiers,0,1,1,urgency,temporal_pressure
317,entities,2,7,1,bank_employee;caller;case_number;family_member;investigation;location;money;third_party;victim,family_member;government_agency;money
317,relations,1,14,1,cites_legal_authority;claims_financial_loss;creates_false_narrative;creates_urgency;demands_secrecy;mentions_case_number;mentions_suspicious_activity;normal_call;refers_to_family;requests_personal_info;requests_physical_action;requests_security_code;requests_specific_action;requests_verification_code;warns_against_disclosure,creates_urgency;threatens_arrest
317,qualifiers,1,3,0,coercive_pressure;institutional_pretext;temporal_pressure;urgency,temporal_pressure
320,entities,1,4,1,loan;location;prosecutor;third_party;victim,money;prosecutor
320,relations,3,12,0,cites_legal_authority;claims_financial_loss;creates_false_narrative;creates_urgency;demands_money_transfer;demands_secrecy;impersonates_official;mentions_case_number;mentions_suspicious_activity;normal_call;requests_physical_action;requests_remote_control;requests_specific_action;requests_verification_code;warns_against_disclosure,creates_urgency;impersonates_official;normal_call
320,qualifiers,1,1,2,institutional_pretext;urgency,institutional_pretext;requested_action_type;temporal_pressure
336,entities,1,7,1,document;family_member;government_agency;location;personal_information;phone_call;third_party;victim,family_member;money
336,relations,2,11,0,cites_legal_authority;claims_financial_loss;creates_false_narrative;creates_urgency;demands_secrecy;impersonates_official;normal_call;refers_to_family;requests_personal_info;requests_physical_action;requests_remote_control;requests_verification_code;warns_against_disclosure,normal_call;warns_against_disclosure
336,qualifiers,0,2,0,coercive_pressure;institutional_pretext,
353,entities,1,3,1,family_member;loan;location;third_party,family_member;money
353,relations,2,12,0,claims_financial_loss;creates_urgency;demands_secrecy;impersonates_official;induces_fear;mentions_case_number;normal_call;refers_to_family;requests_personal_info;requests_physical_action;requests_remote_control;requests_security_code;requests_verification_code;warns_against_disclosure,creates_urgency;normal_call
353,qualifiers,0,3,1,coercive_pressure;institutional_pretext;urgency,temporal_pressure
369,entities,2,6,0,case_number;document;family_member;location;money;personal_information;third_party;victim,family_member;personal_information
369,relations,4,11,1,cites_legal_authority;claims_financial_loss;claims_identity_theft;creates_false_narrative;creates_urgency;demands_secrecy;induces_fear;mentions_case_number;normal_call;refers_to_family;requests_personal_info;requests_physical_action;requests_specific_action;requests_verification_code;warns_against_disclosure,creates_urgency;normal_call;requests_personal_info;threatens_arrest;warns_against_disclosure
369,qualifiers,0,4,1,coercive_pressure;institutional_pretext;requested_action_type;urgency,temporal_pressure
375,entities,2,2,0,location;money;prosecutor;third_party,money;prosecutor
375,relations,2,10,0,claims_financial_loss;creates_urgency;demands_secrecy;impersonates_official;induces_fear;mentions_suspicious_activity;normal_call;requests_personal_info;requests_physical_action;requests_security_code;requests_verification_code;warns_against_disclosure,creates_urgency;impersonates_official
375,qualifiers,0,1,2,urgency,institutional_pretext;temporal_pressure
402,entities,0,5,1,case_number;loan;location;third_party;victim,money
402,relations,2,14,1,cites_legal_authority;claims_financial_loss;creates_false_narrative;creates_urgency;demands_secrecy;mentions_case_number;mentions_suspicious_activity;normal_call;refers_to_family;requests_personal_info;requests_physical_action;requests_remote_control;requests_security_code;requests_specific_action;requests_verification_code;warns_against_disclosure,creates_urgency;normal_call;threatens_arrest
402,qualifiers,1,2,1,coercive_pressure;institutional_pretext;urgency,coercive_pressure;temporal_pressure
405,entities,0,3,1,location;phone_call;third_party,money
405,relations,2,7,0,creates_urgency;demands_secrecy;normal_call;requests_personal_info;requests_physical_action;requests_remote_control;requests_security_code;requests_verification_code;warns_against_disclosure,creates_urgency;normal_call
405,qualifiers,0,2,1,institutional_pretext;urgency,temporal_pressure
427,entities,2,6,0,bank_employee;family_member;location;money;personal_information;phone_call;third_party;victim,family_member;money
427,relations,2,14,0,cites_legal_authority;claims_financial_loss;creates_false_narrative;creates_urgency;demands_money_transfer;demands_secrecy;induces_fear;mentions_suspicious_activity;normal_call;refers_to_family;requests_personal_info;requests_physical_action;requests_remote_control;requests_security_code;requests_verification_code;warns_against_disclosure,creates_urgency;normal_call
427,qualifiers,0,3,1,coercive_pressure;institutional_pretext;urgency,temporal_pressure
431,entities,2,4,0,caller;family_member;location;money;third_party;victim,family_member;money
431,relations,1,11,0,claims_financial_loss;demands_money_transfer;induces_fear;mentions_case_number;mentions_suspicious_activity;normal_call;refers_to_family;requests_personal_info;requests_physical_action;requests_security_code;requests_verification_code;warns_against_disclosure,normal_call
431,qualifiers,0,2,0,coercive_pressure;temporal_pressure,
442,entities,2,1,0,family_member;money;third_party,family_member;money
442,relations,2,7,0,claims_financial_loss;creates_urgency;demands_secrecy;induces_fear;mentions_case_number;normal_call;refers_to_family;requests_verification_code;warns_against_disclosure,creates_urgency;normal_call
442,qualifiers,0,2,1,coercive_pressure;urgency,temporal_pressure
455,entities,1,3,0,family_member;location;money;victim,money
455,relations,1,8,0,claims_financial_loss;creates_urgency;demands_secrecy;induces_fear;normal_call;refers_to_family;requests_physical_action;requests_specific_action;warns_against_disclosure,creates_urgency
455,qualifiers,0,2,1,institutional_pretext;urgency,temporal_pressure
476,entities,2,3,0,family_member;location;money;third_party;victim,family_member;money
476,relations,1,13,0,claims_financial_loss;claims_identity_theft;creates_false_narrative;creates_urgency;demands_money_transfer;demands_secrecy;induces_fear;mentions_case_number;mentions_suspicious_activity;normal_call;refers_to_family;requests_physical_action;requests_verification_code;warns_against_disclosure,creates_urgency
476,qualifiers,0,2,1,coercive_pressure;urgency,temporal_pressure
484,entities,1,3,1,family_member;money;third_party;victim,money;personal_information
484,relations,1,14,1,claims_financial_loss;claims_identity_theft;creates_false_narrative;creates_urgency;demands_money_transfer;demands_secrecy;impersonates_official;induces_fear;mentions_case_number;mentions_suspicious_activity;normal_call;refers_to_family;requests_remote_control;requests_verification_code;warns_against_disclosure,creates_urgency;requests_personal_info
484,qualifiers,1,3,0,coercive_pressure;institutional_pretext;temporal_pressure;urgency,temporal_pressure
499,entities,1,4,0,family_member;location;personal_information;third_party;victim,family_member
499,relations,2,12,0,claims_financial_loss;creates_false_narrative;creates_urgency;demands_secrecy;impersonates_official;mentions_case_number;mentions_suspicious_activity;normal_call;refers_to_family;requests_personal_info;requests_physical_action;requests_remote_control;requests_verification_code;warns_against_disclosure,creates_urgency;normal_call
499,qualifiers,0,2,1,coercive_pressure;urgency,temporal_pressure
512,entities,2,2,0,family_member;location;money;phone_call,family_member;money
512,relations,2,9,0,claims_financial_loss;creates_urgency;demands_money_transfer;demands_secrecy;normal_call;refers_to_family;requests_physical_action;requests_remote_control;requests_specific_action;requests_verification_code;warns_against_disclosure,creates_urgency;normal_call
512,qualifiers,0,3,1,coercive_pressure;institutional_pretext;urgency,temporal_pressure
514,entities,3,2,0,family_member;location;money;police_officer;third_party,family_member;money;police_officer
514,relations,2,16,1,cites_legal_authority;claims_financial_loss;creates_false_narrative;creates_urgency;demands_money_transfer;demands_secrecy;impersonates_official;mentions_case_number;mentions_suspicious_activity;normal_call;refers_to_family;requests_personal_info;requests_physical_action;requests_remote_control;requests_security_code;requests_specific_action;requests_verification_code;warns_against_disclosure,creates_urgency;impersonates_official;threatens_arrest
514,qualifiers,3,1,0,coercive_pressure;institutional_pretext;temporal_pressure;urgency,coercive_pressure;institutional_pretext;temporal_pressure
544,entities,1,5,0,case_number;family_member;location;money;third_party;victim,money
544,relations,1,14,1,cites_legal_authority;claims_financial_loss;creates_false_narrative;creates_urgency;demands_money_transfer;demands_secrecy;mentions_case_number;mentions_suspicious_activity;normal_call;refers_to_family;requests_personal_info;requests_remote_control;requests_security_code;requests_verification_code;warns_against_disclosure,creates_urgency;threatens_arrest
544,qualifiers,0,3,1,coercive_pressure;institutional_pretext;urgency,temporal_pressure
570,entities,1,3,0,family_member;location;money;third_party,money
570,relations,1,7,0,claims_financial_loss;creates_urgency;mentions_suspicious_activity;normal_call;refers_to_family;requests_physical_action;requests_verification_code;warns_against_disclosure,creates_urgency
570,qualifiers,0,3,1,coercive_pressure;institutional_pretext;urgency,temporal_pressure
571,entities,1,2,0,bank_employee;location;money,money
571,relations,1,9,0,claims_financial_loss;creates_urgency;demands_secrecy;impersonates_official;induces_fear;mentions_case_number;mentions_suspicious_activity;normal_call;requests_remote_control;requests_verification_code,creates_urgency
571,qualifiers,0,3,1,institutional_pretext;requested_action_type;urgency,temporal_pressure
597,entities,0,7,1,bank_employee;family_member;location;personal_information;phone_call;third_party;victim,money
597,relations,2,15,0,cites_legal_authority;claims_financial_loss;creates_false_narrative;creates_urgency;demands_money_transfer;demands_secrecy;impersonates_official;mentions_case_number;mentions_suspicious_activity;normal_call;refers_to_family;requests_personal_info;requests_physical_action;requests_remote_control;requests_security_code;requests_verification_code;warns_against_disclosure,creates_urgency;normal_call
597,qualifiers,1,2,0,coercive_pressure;temporal_pressure;urgency,temporal_pressure
606,entities,2,3,0,family_member;location;money;third_party;victim,family_member;money
606,relations,2,11,0,claims_financial_loss;creates_false_narrative;creates_urgency;demands_money_transfer;demands_secrecy;impersonates_official;mentions_suspicious_activity;normal_call;refers_to_family;requests_physical_action;requests_specific_action;requests_verification_code;warns_against_disclosure,creates_urgency;normal_call
606,qualifiers,1,3,0,coercive_pressure;institutional_pretext;temporal_pressure;urgency,temporal_pressure
615,entities,3,2,0,family_member;location;money;prosecutor;third_party,family_member;money;prosecutor
615,relations,3,12,0,claims_financial_loss;claims_identity_theft;creates_urgency;demands_money_transfer;demands_secrecy;impersonates_official;mentions_case_number;mentions_suspicious_activity;normal_call;refers_to_family;requests_physical_action;requests_remote_control;requests_specific_action;requests_verification_code;warns_against_disclosure,creates_urgency;impersonates_official;normal_call
615,qualifiers,2,1,1,coercive_pressure;institutional_pretext;urgency,coercive_pressure;institutional_pretext;temporal_pressure
620,entities,2,3,0,family_member;loan;location;money;third_party,family_member;money
620,relations,2,10,0,claims_financial_loss;creates_urgency;demands_secrecy;impersonates_official;mentions_suspicious_activity;normal_call;refers_to_family;requests_physical_action;requests_remote_control;requests_specific_action;requests_verification_code;warns_against_disclosure,creates_urgency;normal_call
620,qualifiers,0,2,1,coercive_pressure;urgency,temporal_pressure
636,entities,2,8,0,bank_employee;caller;family_member;loan;location;money;personal_information;phone_call;third_party;victim,family_member;money
636,relations,2,16,0,cites_legal_authority;claims_financial_loss;creates_false_narrative;creates_urgency;demands_money_transfer;demands_secrecy;impersonates_official;induces_fear;mentions_case_number;mentions_suspicious_activity;normal_call;refers_to_family;requests_personal_info;requests_physical_action;requests_remote_control;requests_specific_action;requests_verification_code;warns_against_disclosure,creates_urgency;normal_call
636,qualifiers,1,1,1,coercive_pressure;institutional_pretext,coercive_pressure;temporal_pressure
641,entities,0,3,1,location;phone_call;third_party,money
641,relations,2,9,0,cites_legal_authority;claims_financial_loss;creates_urgency;demands_secrecy;normal_call;requests_personal_info;requests_physical_action;requests_remote_control;requests_security_code;requests_verification_code;warns_against_disclosure,creates_urgency;normal_call
641,qualifiers,1,2,0,coercive_pressure;temporal_pressure;urgency,temporal_pressure
672,entities,2,3,0,case_number;family_member;location;money;victim,family_member;money
672,relations,2,8,1,cites_legal_authority;claims_financial_loss;creates_false_narrative;creates_urgency;demands_secrecy;mentions_case_number;mentions_suspicious_activity;normal_call;refers_to_family;warns_against_disclosure,creates_urgency;normal_call;threatens_arrest
672,qualifiers,0,4,1,coercive_pressure;institutional_pretext;requested_action_type;urgency,temporal_pressure
677,entities,0,6,1,case_number;family_member;location;personal_information;third_party;victim,money
677,relations,2,13,1,cites_legal_authority;claims_financial_loss;claims_identity_theft;creates_false_narrative;creates_urgency;demands_secrecy;induces_fear;mentions_case_number;normal_call;refers_to_family;requests_personal_info;requests_physical_action;requests_remote_control;requests_verification_code;warns_against_disclosure,creates_urgency;normal_call;threatens_arrest
677,qualifiers,1,2,1,coercive_pressure;institutional_pretext;urgency,coercive_pressure;temporal_pressure
702,entities,1,7,1,arrest_warrant;document;family_member;government_agency;loan;location;third_party;victim,family_member;money
702,relations,2,12,0,cites_legal_authority;claims_financial_loss;creates_false_narrative;creates_urgency;demands_secrecy;mentions_case_number;mentions_suspicious_activity;normal_call;refers_to_family;requests_physical_action;requests_remote_control;requests_verification_code;threatens_arrest;warns_against_disclosure,creates_urgency;normal_call
702,qualifiers,0,3,1,coercive_pressure;institutional_pretext;urgency,temporal_pressure
713,entities,1,5,0,caller;family_member;location;money;third_party;victim,money
713,relations,2,12,0,cites_legal_authority;claims_financial_loss;claims_identity_theft;creates_urgency;demands_secrecy;induces_fear;mentions_case_number;mentions_suspicious_activity;normal_call;refers_to_family;requests_physical_action;requests_remote_control;requests_verification_code;warns_against_disclosure,creates_urgency;normal_call
713,qualifiers,1,1,1,coercive_pressure;urgency,coercive_pressure;temporal_pressure
719,entities,2,2,0,family_member;location;money;third_party,family_member;money
719,relations,1,11,0,cites_legal_authority;claims_financial_loss;creates_false_narrative;creates_urgency;demands_secrecy;induces_fear;mentions_suspicious_activity;normal_call;requests_physical_action;requests_remote_control;requests_specific_action;warns_against_disclosure,creates_urgency
719,qualifiers,1,1,1,coercive_pressure;urgency,coercive_pressure;temporal_pressure
764,entities,2,3,0,family_member;location;money;prosecutor;victim,money;prosecutor
764,relations,4,14,0,cites_legal_authority;claims_financial_loss;claims_identity_theft;creates_false_narrative;creates_urgency;demands_money_transfer;demands_secrecy;impersonates_official;induces_fear;mentions_case_number;mentions_suspicious_activity;normal_call;refers_to_family;requests_remote_control;requests_specific_action;requests_verification_code;threatens_arrest;warns_against_disclosure,creates_urgency;demands_money_transfer;impersonates_official;normal_call
764,qualifiers,2,2,1,coercive_pressure;institutional_pretext;requested_action_type;urgency,institutional_pretext;requested_action_type;temporal_pressure
782,entities,1,3,0,case_number;location;money;victim,money
782,relations,1,12,1,cites_legal_authority;claims_financial_loss;creates_false_narrative;creates_urgency;demands_secrecy;impersonates_official;mentions_case_number;normal_call;requests_physical_action;requests_remote_control;requests_specific_action;requests_verification_code;warns_against_disclosure,creates_urgency;threatens_arrest
782,qualifiers,0,3,1,coercive_pressure;requested_action_type;urgency,temporal_pressure
819,entities,2,4,1,family_member;loan;location;money;third_party;victim,family_member;government_agency;money
819,relations,2,11,0,claims_financial_loss;claims_identity_theft;creates_urgency;demands_secrecy;impersonates_official;mentions_case_number;mentions_suspicious_activity;normal_call;refers_to_family;requests_physical_action;requests_remote_control;requests_verification_code;warns_against_disclosure,creates_urgency;normal_call
819,qualifiers,1,3,1,coercive_pressure;institutional_pretext;requested_action_type;urgency,coercive_pressure;temporal_pressure
820,entities,1,6,0,case_number;family_member;location;money;personal_information;third_party;victim,money
820,relations,2,11,1,claims_financial_loss;creates_false_narrative;creates_urgency;demands_secrecy;induces_fear;mentions_case_number;normal_call;refers_to_family;requests_personal_info;requests_security_code;requests_specific_action;requests_verification_code;warns_against_disclosure,normal_call;threatens_arrest;warns_against_disclosure
820,qualifiers,0,3,0,coercive_pressure;institutional_pretext;urgency,
825,entities,2,3,0,family_member;location;money;personal_information;victim,family_member;money
825,relations,1,14,0,cites_legal_authority;claims_financial_loss;creates_false_narrative;creates_urgency;demands_money_transfer;induces_fear;mentions_case_number;mentions_suspicious_activity;normal_call;refers_to_family;requests_personal_info;requests_physical_action;requests_specific_action;requests_verification_code;warns_against_disclosure,creates_urgency
825,qualifiers,0,3,1,coercive_pressure;institutional_pretext;urgency,temporal_pressure
854,entities,2,3,0,family_member;government_agency;location;money;third_party,family_member;money
854,relations,2,7,0,cites_legal_authority;claims_financial_loss;creates_urgency;demands_secrecy;normal_call;refers_to_family;requests_physical_action;requests_verification_code;warns_against_disclosure,creates_urgency;normal_call
854,qualifiers,0,3,1,coercive_pressure;institutional_pretext;urgency,temporal_pressure
924,entities,3,3,1,family_member;location;money;prosecutor;third_party;victim,family_member;government_agency;money;prosecutor
924,relations,4,8,0,cites_legal_authority;claims_financial_loss;claims_identity_theft;creates_false_narrative;creates_urgency;demands_secrecy;impersonates_official;mentions_suspicious_activity;normal_call;refers_to_family;requests_physical_action;warns_against_disclosure,creates_urgency;impersonates_official;normal_call;warns_against_disclosure
924,qualifiers,1,2,1,coercive_pressure;institutional_pretext;urgency,institutional_pretext;temporal_pressure
959,entities,2,4,0,bank_employee;family_member;government_agency;location;money;third_party,family_member;money
959,relations,1,8,0,cites_legal_authority;claims_financial_loss;creates_urgency;impersonates_official;normal_call;refers_to_family;requests_physical_action;requests_remote_control;warns_against_disclosure,creates_urgency
959,qualifiers,0,4,1,coercive_pressure;institutional_pretext;requested_action_type;urgency,temporal_pressure
1001,entities,1,5,1,family_member;location;money;personal_information;third_party;victim,government_agency;money
1001,relations,2,15,0,claims_financial_loss;claims_identity_theft;creates_false_narrative;creates_urgency;demands_money_transfer;demands_secrecy;induces_fear;mentions_case_number;mentions_suspicious_activity;normal_call;refers_to_family;requests_personal_info;requests_remote_control;requests_security_code;requests_specific_action;requests_verification_code;warns_against_disclosure,creates_urgency;normal_call
1001,qualifiers,1,1,1,coercive_pressure;urgency,coercive_pressure;temporal_pressure
1009,entities,2,4,0,family_member;location;money;personal_information;third_party;victim,family_member;money
1009,relations,2,11,0,claims_financial_loss;creates_urgency;demands_money_transfer;demands_secrecy;induces_fear;normal_call;refers_to_family;requests_personal_info;requests_physical_action;requests_security_code;requests_specific_action;requests_verification_code;warns_against_disclosure,creates_urgency;normal_call
1009,qualifiers,2,1,1,coercive_pressure;temporal_pressure;urgency,coercive_pressure;requested_action_type;temporal_pressure
1021,entities,1,4,1,document;investigation;location;money;victim,government_agency;money
1021,relations,2,12,0,cites_legal_authority;claims_financial_loss;creates_false_narrative;creates_urgency;demands_secrecy;impersonates_official;induces_fear;mentions_case_number;mentions_suspicious_activity;normal_call;requests_remote_control;requests_verification_code;threatens_arrest;warns_against_disclosure,creates_urgency;threatens_arrest
1021,qualifiers,1,3,1,coercive_pressure;institutional_pretext;temporal_pressure;urgency,requested_action_type;temporal_pressure
1123,entities,2,5,0,bank_employee;caller;family_member;loan;location;money;third_party,family_member;money
1123,relations,2,11,0,claims_financial_loss;claims_identity_theft;creates_false_narrative;creates_urgency;impersonates_official;normal_call;refers_to_family;requests_personal_info;requests_physical_action;requests_remote_control;requests_security_code;requests_verification_code;warns_against_disclosure,creates_urgency;normal_call
1123,qualifiers,1,1,2,coercive_pressure;urgency,coercive_pressure;temporal_pressure;transfer_channel
1134,entities,1,5,1,bank_employee;family_member;government_agency;location;third_party;victim,family_member;money
1134,relations,2,14,0,cites_legal_authority;claims_financial_loss;claims_identity_theft;creates_false_narrative;creates_urgency;demands_secrecy;impersonates_official;induces_fear;mentions_case_number;normal_call;refers_to_family;requests_physical_action;requests_remote_control;requests_specific_action;requests_verification_code;warns_against_disclosure,creates_urgency;normal_call
1134,qualifiers,1,2,1,coercive_pressure;institutional_pretext;urgency,coercive_pressure;temporal_pressure
1159,entities,2,6,0,caller;family_member;loan;location;money;phone_call;third_party;victim,family_member;money
1159,relations,2,11,0,cites_legal_authority;claims_financial_loss;creates_false_narrative;creates_urgency;demands_money_transfer;induces_fear;normal_call;refers_to_family;requests_personal_info;requests_physical_action;requests_security_code;requests_verification_code;warns_against_disclosure,creates_urgency;normal_call
1159,qualifiers,0,2,1,coercive_pressure;urgency,temporal_pressure
1161,entities,2,3,0,family_member;location;money;third_party;victim,family_member;money
1161,relations,2,12,0,claims_financial_loss;claims_identity_theft;creates_false_narrative;creates_urgency;demands_secrecy;induces_fear;mentions_case_number;mentions_suspicious_activity;normal_call;refers_to_family;requests_physical_action;requests_remote_control;requests_verification_code;warns_against_disclosure,creates_urgency;normal_call
1161,qualifiers,1,1,1,coercive_pressure;urgency,coercive_pressure;temporal_pressure
1207,entities,1,5,1,bank_employee;caller;family_member;location;third_party;victim,family_member;money
1207,relations,2,11,0,claims_financial_loss;creates_false_narrative;creates_urgency;demands_money_transfer;demands_secrecy;impersonates_official;mentions_suspicious_activity;normal_call;refers_to_family;requests_physical_action;requests_remote_control;requests_verification_code;warns_against_disclosure,creates_urgency;normal_call
1207,qualifiers,0,2,1,coercive_pressure;urgency,temporal_pressure
1228,entities,3,2,0,family_member;location;money;personal_information;victim,family_member;money;personal_information
1228,relations,3,15,0,cites_legal_authority;claims_financial_loss;claims_identity_theft;creates_false_narrative;creates_urgency;demands_money_transfer;demands_secrecy;mentions_case_number;mentions_suspicious_activity;normal_call;refers_to_family;requests_personal_info;requests_physical_action;requests_remote_control;requests_security_code;requests_specific_action;requests_verification_code;warns_against_disclosure,creates_urgency;normal_call;requests_personal_info
1228,qualifiers,1,2,1,coercive_pressure;institutional_pretext;urgency,coercive_pressure;temporal_pressure
1234,entities,1,4,1,family_member;location;personal_information;phone_call;victim,family_member;money
1234,relations,2,14,0,claims_financial_loss;claims_identity_theft;creates_urgency;demands_secrecy;impersonates_official;induces_fear;mentions_case_number;mentions_suspicious_activity;normal_call;refers_to_family;requests_personal_info;requests_physical_action;requests_remote_control;requests_security_code;requests_verification_code;warns_against_disclosure,creates_urgency;normal_call
1234,qualifiers,1,0,1,coercive_pressure,coercive_pressure;temporal_pressure
1250,entities,3,3,0,family_member;loan;location;money;third_party;victim,family_member;loan;money
1250,relations,2,8,0,claims_financial_loss;creates_urgency;demands_secrecy;mentions_suspicious_activity;normal_call;refers_to_family;requests_physical_action;requests_remote_control;requests_specific_action;warns_against_disclosure,creates_urgency;normal_call
1250,qualifiers,1,3,1,coercive_pressure;institutional_pretext;requested_action_type;urgency,requested_action_type;temporal_pressure
1279,entities,2,3,0,credit_card;location;money;personal_information;victim,credit_card;money
1279,relations,1,12,0,cites_legal_authority;claims_financial_loss;creates_false_narrative;creates_urgency;demands_money_transfer;demands_secrecy;mentions_case_number;mentions_suspicious_activity;normal_call;requests_personal_info;requests_remote_control;requests_verification_code;warns_against_disclosure,creates_urgency
1279,qualifiers,0,3,2,institutional_pretext;requested_action_type;urgency,temporal_pressure;transfer_channel
1312,entities,0,3,2,caller;location;third_party,family_member;money
1312,relations,1,9,0,creates_urgency;demands_secrecy;induces_fear;normal_call;requests_personal_info;requests_physical_action;requests_remote_control;requests_security_code;requests_verification_code;warns_against_disclosure,creates_urgency
1312,qualifiers,0,1,1,urgency,temporal_pressure
1324,entities,1,5,1,document;family_member;location;money;third_party;victim,money;security_code
1324,relations,2,11,0,cites_legal_authority;claims_financial_loss;creates_urgency;demands_secrecy;impersonates_official;mentions_suspicious_activity;normal_call;refers_to_family;requests_physical_action;requests_remote_control;requests_specific_action;requests_verification_code;warns_against_disclosure,creates_urgency;normal_call
1324,qualifiers,0,2,1,coercive_pressure;urgency,temporal_pressure
1335,entities,2,4,0,family_member;location;money;phone_call;third_party;victim,family_member;money
1335,relations,2,11,0,claims_financial_loss;creates_false_narrative;creates_urgency;demands_secrecy;induces_fear;mentions_case_number;mentions_suspicious_activity;normal_call;refers_to_family;requests_physical_action;requests_remote_control;requests_verification_code;warns_against_disclosure,creates_urgency;normal_call
1335,qualifiers,0,3,1,coercive_pressure;institutional_pretext;urgency,temporal_pressure
1355,entities,2,6,0,caller;family_member;location;money;personal_information;phone_call;third_party;victim,family_member;money
1355,relations,3,11,0,cites_legal_authority;claims_financial_loss;creates_urgency;demands_money_transfer;demands_secrecy;induces_fear;mentions_suspicious_activity;normal_call;refers_to_family;requests_personal_info;requests_physical_action;requests_remote_control;requests_verification_code;warns_against_disclosure,creates_urgency;normal_call;warns_against_disclosure
1355,qualifiers,0,3,1,coercive_pressure;institutional_pretext;urgency,temporal_pressure
1364,entities,1,5,1,family_member;loan;location;personal_information;third_party;victim,family_member;money
1364,relations,2,15,0,cites_legal_authority;claims_financial_loss;claims_identity_theft;creates_urgency;demands_money_transfer;demands_secrecy;induces_fear;mentions_case_number;mentions_suspicious_activity;normal_call;refers_to_family;requests_personal_info;requests_physical_action;requests_remote_control;requests_security_code;requests_verification_code;warns_against_disclosure,creates_urgency;normal_call
1364,qualifiers,0,2,1,coercive_pressure;urgency,temporal_pressure
1385,entities,2,4,1,case_number;family_member;location;money;third_party;victim,family_member;money;personal_information
1385,relations,3,14,1,claims_financial_loss;claims_identity_theft;creates_false_narrative;creates_urgency;demands_money_transfer;demands_secrecy;impersonates_official;induces_fear;mentions_case_number;normal_call;refers_to_family;requests_personal_info;requests_physical_action;requests_remote_control;requests_security_code;requests_verification_code;warns_against_disclosure,creates_urgency;normal_call;requests_personal_info;threatens_arrest
1385,qualifiers,0,3,1,coercive_pressure;institutional_pretext;urgency,temporal_pressure
1396,entities,2,2,0,family_member;loan;location;money,family_member;money
1396,relations,1,11,0,claims_financial_loss;claims_identity_theft;creates_urgency;induces_fear;mentions_suspicious_activity;normal_call;refers_to_family;requests_personal_info;requests_remote_control;requests_security_code;requests_verification_code;warns_against_disclosure,creates_urgency
1396,qualifiers,1,3,1,coercive_pressure;institutional_pretext;requested_action_type;urgency,coercive_pressure;temporal_pressure
1403,entities,4,2,1,credit_card;family_member;location;police_officer;prosecutor;third_party,credit_card;family_member;money;police_officer;prosecutor
1403,relations,3,14,0,cites_legal_authority;creates_false_narrative;creates_urgency;demands_secrecy;impersonates_official;induces_fear;mentions_case_number;mentions_suspicious_activity;normal_call;refers_to_family;requests_personal_info;requests_physical_action;requests_remote_control;requests_security_code;requests_specific_action;requests_verification_code;warns_against_disclosure,creates_urgency;impersonates_official;normal_call
1403,qualifiers,2,2,1,coercive_pressure;institutional_pretext;temporal_pressure;urgency,institutional_pretext;temporal_pressure;transfer_channel
1431,entities,2,4,1,family_member;loan;location;prosecutor;third_party;victim,family_member;money;prosecutor
1431,relations,2,8,0,claims_financial_loss;creates_urgency;demands_secrecy;impersonates_official;normal_call;refers_to_family;requests_physical_action;requests_remote_control;requests_verification_code;warns_against_disclosure,creates_urgency;impersonates_official
1431,qualifiers,0,2,2,coercive_pressure;urgency,institutional_pretext;temporal_pressure
1455,entities,2,4,0,document;family_member;location;money;third_party;victim,family_member;money
1455,relations,2,12,0,cites_legal_authority;claims_financial_loss;creates_urgency;demands_money_transfer;induces_fear;mentions_suspicious_activity;normal_call;refers_to_family;requests_personal_info;requests_physical_action;requests_remote_control;requests_security_code;requests_verification_code;warns_against_disclosure,creates_urgency;normal_call
1455,qualifiers,0,2,1,coercive_pressure;urgency,temporal_pressure
1470,entities,1,4,2,location;money;phone_call;prosecutor;third_party,family_member;money;security_code
1470,relations,2,6,0,claims_financial_loss;creates_urgency;demands_secrecy;mentions_suspicious_activity;normal_call;requests_physical_action;requests_specific_action;warns_against_disclosure,creates_urgency;normal_call
1470,qualifiers,0,2,1,institutional_pretext;urgency,temporal_pressure
1471,entities,1,5,1,caller;family_member;loan;location;third_party;victim,family_member;money
1471,relations,2,11,0,claims_financial_loss;creates_urgency;demands_secrecy;mentions_suspicious_activity;normal_call;refers_to_family;requests_personal_info;requests_physical_action;requests_remote_control;requests_security_code;requests_specific_action;requests_verification_code;warns_against_disclosure,creates_urgency;normal_call
1471,qualifiers,1,3,0,coercive_pressure;institutional_pretext;temporal_pressure;urgency,temporal_pressure
1479,entities,2,3,0,family_member;location;money;phone_call;third_party,family_member;money
1479,relations,2,14,0,cites_legal_authority;claims_financial_loss;claims_identity_theft;creates_false_narrative;creates_urgency;demands_secrecy;mentions_case_number;mentions_suspicious_activity;normal_call;refers_to_family;requests_personal_info;requests_physical_action;requests_remote_control;requests_security_code;requests_verification_code;warns_against_disclosure,creates_urgency;normal_call
1479,qualifiers,1,2,1,coercive_pressure;institutional_pretext;urgency,coercive_pressure;temporal_pressure
1480,entities,1,8,1,caller;case_number;family_member;investigation;loan;location;personal_information;police_officer;third_party,money;police_officer
1480,relations,3,14,1,cites_legal_authority;claims_financial_loss;claims_identity_theft;creates_false_narrative;creates_urgency;demands_secrecy;impersonates_official;induces_fear;mentions_case_number;mentions_suspicious_activity;normal_call;refers_to_family;requests_physical_action;requests_remote_control;requests_specific_action;requests_verification_code;warns_against_disclosure,creates_urgency;impersonates_official;normal_call;threatens_arrest
1480,qualifiers,2,0,1,coercive_pressure;institutional_pretext,coercive_pressure;institutional_pretext;temporal_pressure
1481,entities,3,4,0,family_member;location;money;phone_call;prosecutor;third_party;victim,family_member;money;prosecutor
1481,relations,3,8,0,claims_financial_loss;creates_urgency;demands_secrecy;impersonates_official;induces_fear;mentions_suspicious_activity;normal_call;refers_to_family;requests_physical_action;requests_specific_action;warns_against_disclosure,creates_urgency;impersonates_official;normal_call
1481,qualifiers,1,2,1,coercive_pressure;institutional_pretext;urgency,institutional_pretext;temporal_pressure
1506,entities,2,3,1,family_member;location;phone_call;prosecutor;third_party,family_member;money;prosecutor
1506,relations,3,10,0,cites_legal_authority;claims_financial_loss;creates_urgency;demands_secrecy;impersonates_official;induces_fear;mentions_case_number;normal_call;refers_to_family;requests_physical_action;requests_remote_control;requests_verification_code;warns_against_disclosure,creates_urgency;impersonates_official;normal_call
1506,qualifiers,2,2,0,coercive_pressure;institutional_pretext;temporal_pressure;urgency,institutional_pretext;temporal_pressure
1520,entities,2,4,0,family_member;location;money;phone_call;third_party;victim,family_member;money
1520,relations,2,8,0,claims_financial_loss;claims_identity_theft;creates_false_narrative;creates_urgency;mentions_suspicious_activity;normal_call;refers_to_family;requests_physical_action;requests_verification_code;warns_against_disclosure,creates_urgency;normal_call
1520,qualifiers,1,1,1,coercive_pressure;urgency,coercive_pressure;temporal_pressure
1537,entities,1,5,1,family_member;location;personal_information;phone_call;third_party;victim,family_member;money
1537,relations,2,9,0,creates_urgency;demands_money_transfer;demands_secrecy;mentions_suspicious_activity;normal_call;refers_to_family;requests_personal_info;requests_physical_action;requests_security_code;requests_verification_code;warns_against_disclosure,creates_urgency;normal_call
1537,qualifiers,0,3,1,coercive_pressure;institutional_pretext;urgency,temporal_pressure
1590,entities,3,5,0,family_member;location;money;personal_information;phone_call;prosecutor;third_party;victim,family_member;money;prosecutor
1590,relations,3,15,0,cites_legal_authority;claims_financial_loss;creates_false_narrative;creates_urgency;demands_money_transfer;demands_secrecy;impersonates_official;induces_fear;mentions_case_number;mentions_suspicious_activity;normal_call;refers_to_family;requests_personal_info;requests_physical_action;requests_remote_control;requests_security_code;requests_verification_code;warns_against_disclosure,creates_urgency;impersonates_official;normal_call
1590,qualifiers,3,1,0,coercive_pressure;institutional_pretext;temporal_pressure;urgency,coercive_pressure;institutional_pretext;temporal_pressure
1620,entities,2,5,1,family_member;loan;location;money;phone_call;third_party;victim,family_member;money;personal_information
1620,relations,1,10,1,claims_financial_loss;claims_identity_theft;creates_urgency;demands_secrecy;impersonates_official;mentions_case_number;normal_call;refers_to_family;requests_remote_control;requests_verification_code;warns_against_disclosure,creates_urgency;requests_personal_info
1620,qualifiers,0,3,1,coercive_pressure;institutional_pretext;urgency,temporal_pressure
1622,entities,2,6,0,bank_employee;family_member;location;money;personal_information;phone_call;third_party;victim,family_member;money
1622,relations,2,12,0,claims_financial_loss;claims_identity_theft;creates_false_narrative;creates_urgency;impersonates_official;mentions_suspicious_activity;normal_call;refers_to_family;requests_personal_info;requests_physical_action;requests_remote_control;requests_security_code;requests_verification_code;warns_against_disclosure,creates_urgency;normal_call
1622,qualifiers,1,3,1,coercive_pressure;institutional_pretext;requested_action_type;urgency,coercive_pressure;temporal_pressure
1648,entities,1,1,0,family_member;third_party,family_member
1648,relations,1,7,0,cites_legal_authority;claims_financial_loss;creates_urgency;mentions_suspicious_activity;normal_call;refers_to_family;requests_verification_code;warns_against_disclosure,creates_urgency
1648,qualifiers,0,3,1,coercive_pressure;institutional_pretext;urgency,temporal_pressure
1649,entities,2,2,0,family_member;location;money;third_party,family_member;money
1649,relations,2,10,0,claims_financial_loss;creates_urgency;demands_secrecy;induces_fear;mentions_suspicious_activity;normal_call;refers_to_family;requests_personal_info;requests_physical_action;requests_security_code;requests_verification_code;warns_against_disclosure,creates_urgency;normal_call
1649,qualifiers,0,3,1,coercive_pressure;institutional_pretext;urgency,temporal_pressure
1686,entities,1,2,1,family_member;location;third_party,family_member;money
1686,relations,2,6,0,claims_financial_loss;creates_urgency;demands_secrecy;normal_call;refers_to_family;requests_physical_action;requests_verification_code;warns_against_disclosure,creates_urgency;normal_call
1686,qualifiers,0,3,1,coercive_pressure;institutional_pretext;urgency,temporal_pressure
1720,entities,1,3,0,location;money;third_party;victim,money
1720,relations,2,5,0,claims_financial_loss;claims_identity_theft;creates_urgency;normal_call;requests_physical_action;requests_verification_code;warns_against_disclosure,creates_urgency;normal_call
1720,qualifiers,0,1,1,urgency,temporal_pressure
1727,entities,0,4,1,location;personal_information;third_party;victim,money
1727,relations,2,10,0,claims_financial_loss;claims_identity_theft;creates_urgency;impersonates_official;mentions_case_number;mentions_suspicious_activity;normal_call;requests_personal_info;requests_physical_action;requests_specific_action;requests_verification_code;warns_against_disclosure,creates_urgency;normal_call
1727,qualifiers,0,2,1,coercive_pressure;urgency,temporal_pressure
1740,entities,1,6,0,bank_employee;case_number;family_member;location;money;third_party;victim,money
1740,relations,2,13,1,claims_financial_loss;claims_identity_theft;creates_false_narrative;creates_urgency;demands_money_transfer;demands_secrecy;impersonates_official;mentions_case_number;normal_call;refers_to_family;requests_personal_info;requests_physical_action;requests_remote_control;requests_verification_code;warns_against_disclosure,creates_urgency;normal_call;threatens_arrest
1740,qualifiers,0,4,1,coercive_pressure;institutional_pretext;requested_action_type;urgency,temporal_pressure
1755,entities,3,4,0,case_number;family_member;location;money;phone_call;police_officer;third_party,family_member;money;police_officer
1755,relations,3,15,1,cites_legal_authority;claims_financial_loss;claims_identity_theft;creates_false_narrative;creates_urgency;demands_secrecy;impersonates_official;induces_fear;mentions_case_number;mentions_suspicious_activity;normal_call;refers_to_family;requests_personal_info;requests_physical_action;requests_remote_control;requests_security_code;requests_verification_code;warns_against_disclosure,creates_urgency;impersonates_official;normal_call;threatens_arrest
1755,qualifiers,1,2,1,coercive_pressure;institutional_pretext;urgency,institutional_pretext;temporal_pressure
1791,entities,2,6,0,document;family_member;location;money;personal_information;phone_call;third_party;victim,family_member;money
1791,relations,2,8,0,claims_financial_loss;creates_urgency;normal_call;refers_to_family;requests_personal_info;requests_physical_action;requests_remote_control;requests_security_code;requests_verification_code;warns_against_disclosure,creates_urgency;normal_call
1791,qualifiers,1,3,0,coercive_pressure;institutional_pretext;temporal_pressure;urgency,temporal_pressure
1795,entities,1,5,1,family_member;location;personal_information;phone_call;third_party;victim,family_member;money
1795,relations,2,12,0,cites_legal_authority;claims_financial_loss;creates_false_narrative;creates_urgency;induces_fear;mentions_suspicious_activity;normal_call;refers_to_family;requests_personal_info;requests_physical_action;requests_remote_control;requests_security_code;requests_verification_code;warns_against_disclosure,creates_urgency;normal_call
1795,qualifiers,0,3,1,coercive_pressure;institutional_pretext;urgency,temporal_pressure
1837,entities,1,5,1,family_member;location;personal_information;phone_call;third_party;victim,family_member;money
1837,relations,2,13,0,claims_financial_loss;creates_false_narrative;creates_urgency;demands_secrecy;impersonates_official;mentions_case_number;mentions_suspicious_activity;normal_call;refers_to_family;requests_personal_info;requests_physical_action;requests_remote_control;requests_specific_action;requests_verification_code;warns_against_disclosure,creates_urgency;normal_call
1837,qualifiers,0,3,1,coercive_pressure;institutional_pretext;urgency,temporal_pressure
1855,entities,1,6,0,bank_employee;family_member;location;money;police_officer;third_party;victim,money
1855,relations,2,10,0,cites_legal_authority;claims_financial_loss;creates_false_narrative;creates_urgency;demands_secrecy;impersonates_official;normal_call;refers_to_family;requests_physical_action;requests_remote_control;requests_specific_action;warns_against_disclosure,creates_urgency;normal_call
1855,qualifiers,0,3,1,coercive_pressure;institutional_pretext;urgency,temporal_pressure
1862,entities,2,4,1,family_member;loan;location;money;third_party;victim,family_member;money;security_code
1862,relations,2,9,0,claims_financial_loss;creates_urgency;demands_secrecy;mentions_case_number;mentions_suspicious_activity;normal_call;refers_to_family;requests_physical_action;requests_specific_action;requests_verification_code;warns_against_disclosure,creates_urgency;normal_call
1862,qualifiers,0,3,1,coercive_pressure;institutional_pretext;urgency,temporal_pressure
1909,entities,2,5,1,case_number;family_member;location;personal_information;police_officer;third_party;victim,family_member;money;police_officer
1909,relations,3,13,1,cites_legal_authority;claims_financial_loss;creates_false_narrative;creates_urgency;demands_secrecy;impersonates_official;induces_fear;mentions_case_number;mentions_suspicious_activity;normal_call;refers_to_family;requests_personal_info;requests_physical_action;requests_specific_action;requests_verification_code;warns_against_disclosure,creates_urgency;impersonates_official;normal_call;threatens_arrest
1909,qualifiers,2,2,0,coercive_pressure;institutional_pretext;temporal_pressure;urgency,institutional_pretext;temporal_pressure
1911,entities,2,1,0,family_member;money;third_party,family_member;money
1911,relations,3,7,0,claims_financial_loss;creates_false_narrative;creates_urgency;demands_secrecy;mentions_suspicious_activity;normal_call;refers_to_family;requests_specific_action;requests_verification_code;warns_against_disclosure,creates_urgency;normal_call;warns_against_disclosure
1911,qualifiers,0,3,1,coercive_pressure;institutional_pretext;urgency,temporal_pressure
1921,entities,1,5,2,caller;document;family_member;location;third_party;victim,family_member;money;personal_information
1921,relations,2,8,1,claims_financial_loss;claims_identity_theft;creates_urgency;demands_secrecy;normal_call;refers_to_family;requests_physical_action;requests_remote_control;requests_verification_code;warns_against_disclosure,creates_urgency;normal_call;requests_personal_info
1921,qualifiers,0,3,1,coercive_pressure;institutional_pretext;urgency,temporal_pressure
1936,entities,1,3,1,document;family_member;location;third_party,family_member;money
1936,relations,2,10,0,claims_financial_loss;creates_false_narrative;creates_urgency;demands_secrecy;impersonates_official;mentions_case_number;normal_call;refers_to_family;requests_physical_action;requests_remote_control;requests_verification_code;warns_against_disclosure,creates_urgency;normal_call
1936,qualifiers,0,3,1,coercive_pressure;institutional_pretext;urgency,temporal_pressure
1937,entities,0,2,1,location;third_party,money
1937,relations,2,12,0,claims_financial_loss;creates_false_narrative;creates_urgency;demands_secrecy;impersonates_official;induces_fear;mentions_case_number;mentions_suspicious_activity;normal_call;refers_to_family;requests_physical_action;requests_remote_control;requests_verification_code;warns_against_disclosure,creates_urgency;normal_call
1937,qualifiers,0,2,1,coercive_pressure;urgency,temporal_pressure
1949,entities,3,5,0,caller;case_number;family_member;location;money;prosecutor;third_party;victim,family_member;money;prosecutor
1949,relations,2,16,1,cites_legal_authority;claims_financial_loss;claims_identity_theft;creates_false_narrative;creates_urgency;demands_money_transfer;demands_secrecy;impersonates_official;mentions_case_number;mentions_suspicious_activity;normal_call;refers_to_family;requests_personal_info;requests_physical_action;requests_remote_control;requests_security_code;requests_verification_code;warns_against_disclosure,creates_urgency;impersonates_official;threatens_arrest
1949,qualifiers,2,1,1,coercive_pressure;institutional_pretext;urgency,coercive_pressure;institutional_pretext;temporal_pressure
1965,entities,2,4,0,family_member;loan;location;money;phone_call;third_party,family_member;money
1965,relations,1,8,0,claims_financial_loss;creates_urgency;demands_secrecy;induces_fear;normal_call;refers_to_family;requests_physical_action;requests_verification_code;warns_against_disclosure,creates_urgency
1965,qualifiers,1,3,0,coercive_pressure;institutional_pretext;temporal_pressure;urgency,temporal_pressure
1969,entities,0,7,1,bank_employee;caller;family_member;government_agency;location;phone_call;third_party,money
1969,relations,2,12,0,claims_financial_loss;creates_false_narrative;creates_urgency;demands_secrecy;impersonates_official;mentions_case_number;mentions_suspicious_activity;normal_call;refers_to_family;requests_physical_action;requests_remote_control;requests_specific_action;requests_verification_code;warns_against_disclosure,creates_urgency;normal_call
1969,qualifiers,0,3,1,coercive_pressure;institutional_pretext;urgency,temporal_pressure
1973,entities,1,5,0,family_member;location;money;phone_call;third_party;victim,family_member
1973,relations,1,14,0,cites_legal_authority;claims_financial_loss;creates_false_narrative;creates_urgency;demands_secrecy;impersonates_official;induces_fear;mentions_case_number;mentions_suspicious_activity;normal_call;refers_to_family;requests_physical_action;requests_remote_control;requests_verification_code;warns_against_disclosure,creates_urgency
1973,qualifiers,0,2,1,coercive_pressure;urgency,temporal_pressure
1979,entities,2,4,0,family_member;loan;location;money;third_party;victim,family_member;money
1979,relations,2,15,0,claims_financial_loss;claims_identity_theft;creates_false_narrative;creates_urgency;demands_money_transfer;impersonates_official;induces_fear;mentions_suspicious_activity;normal_call;refers_to_family;requests_personal_info;requests_physical_action;requests_remote_control;requests_security_code;requests_specific_action;requests_verification_code;warns_against_disclosure,creates_urgency;normal_call
1979,qualifiers,1,3,0,coercive_pressure;institutional_pretext;temporal_pressure;urgency,temporal_pressure
1996,entities,1,4,0,arrest_warrant;document;location;money;third_party,money
1996,relations,2,10,0,claims_financial_loss;creates_urgency;demands_secrecy;induces_fear;mentions_case_number;mentions_suspicious_activity;normal_call;requests_physical_action;requests_remote_control;requests_verification_code;threatens_arrest;warns_against_disclosure,creates_urgency;normal_call
1996,qualifiers,1,4,0,coercive_pressure;institutional_pretext;requested_action_type;temporal_pressure;urgency,temporal_pressure
2022,entities,1,4,1,family_member;location;personal_information;third_party;victim,family_member;money
2022,relations,2,12,0,cites_legal_authority;claims_financial_loss;creates_false_narrative;creates_urgency;demands_secrecy;mentions_case_number;normal_call;refers_to_family;requests_personal_info;requests_physical_action;requests_remote_control;requests_specific_action;requests_verification_code;warns_against_disclosure,creates_urgency;normal_call
2022,qualifiers,0,2,1,coercive_pressure;institutional_pretext,temporal_pressure
2116,entities,1,4,0,location;money;personal_information;third_party;victim,money
2116,relations,2,7,0,claims_financial_loss;creates_urgency;demands_secrecy;induces_fear;normal_call;refers_to_family;requests_personal_info;requests_verification_code;warns_against_disclosure,creates_urgency;normal_call
2116,qualifiers,0,3,1,coercive_pressure;institutional_pretext;urgency,temporal_pressure
2133,entities,1,2,1,family_member;location;third_party,family_member;money
2133,relations,2,6,0,creates_urgency;induces_fear;normal_call;refers_to_family;requests_physical_action;requests_specific_action;requests_verification_code;warns_against_disclosure,creates_urgency;normal_call
2133,qualifiers,0,2,1,coercive_pressure;urgency,temporal_pressure
2139,entities,1,4,1,family_member;loan;location;phone_call;third_party,family_member;money
2139,relations,2,7,0,creates_urgency;demands_secrecy;mentions_case_number;mentions_suspicious_activity;normal_call;refers_to_family;requests_physical_action;requests_specific_action;warns_against_disclosure,creates_urgency;normal_call
2139,qualifiers,0,3,1,coercive_pressure;institutional_pretext;urgency,temporal_pressure
2157,entities,1,5,1,arrest_warrant;document;family_member;location;phone_call;third_party,family_member;money
2157,relations,2,11,0,claims_financial_loss;claims_identity_theft;creates_urgency;demands_money_transfer;mentions_suspicious_activity;normal_call;refers_to_family;requests_personal_info;requests_physical_action;requests_security_code;requests_verification_code;threatens_arrest;warns_against_disclosure,creates_urgency;normal_call
2157,qualifiers,0,3,2,coercive_pressure;institutional_pretext;urgency,temporal_pressure;transfer_channel
2167,entities,2,4,0,family_member;location;money;personal_information;third_party;victim,family_member;money
2167,relations,2,12,0,claims_financial_loss;creates_urgency;demands_money_transfer;demands_secrecy;induces_fear;mentions_case_number;mentions_suspicious_activity;normal_call;refers_to_family;requests_personal_info;requests_physical_action;requests_remote_control;requests_verification_code;warns_against_disclosure,creates_urgency;normal_call
2167,qualifiers,0,3,1,coercive_pressure;institutional_pretext;urgency,temporal_pressure
2180,entities,1,4,0,bank_employee;loan;location;money;third_party,money
2180,relations,1,7,0,claims_financial_loss;creates_urgency;impersonates_official;normal_call;requests_physical_action;requests_remote_control;requests_verification_code;warns_against_disclosure,creates_urgency
2180,qualifiers,1,3,0,institutional_pretext;requested_action_type;temporal_pressure;urgency,temporal_pressure
2210,entities,1,6,1,arrest_warrant;document;family_member;location;personal_information;third_party;victim,family_member;money
2210,relations,2,11,0,claims_identity_theft;creates_false_narrative;creates_urgency;demands_secrecy;mentions_case_number;mentions_suspicious_activity;normal_call;refers_to_family;requests_personal_info;requests_physical_action;requests_verification_code;threatens_arrest;warns_against_disclosure,creates_urgency;normal_call
2210,qualifiers,1,2,1,coercive_pressure;institutional_pretext;urgency,coercive_pressure;temporal_pressure
2217,entities,2,6,0,bank_employee;document;family_member;location;money;personal_information;phone_call;victim,family_member;money
2217,relations,2,8,0,cites_legal_authority;claims_financial_loss;creates_urgency;impersonates_official;normal_call;refers_to_family;requests_personal_info;requests_physical_action;requests_specific_action;requests_verification_code,creates_urgency;normal_call
2217,qualifiers,0,3,1,coercive_pressure;institutional_pretext;urgency,temporal_pressure
2241,entities,0,1,0,phone_call,
2241,relations,1,4,0,creates_urgency;mentions_case_number;mentions_suspicious_activity;normal_call;requests_remote_control,creates_urgency
2241,qualifiers,0,2,1,institutional_pretext;urgency,temporal_pressure
2245,entities,3,5,0,loan;location;money;personal_information;phone_call;prosecutor;third_party;victim,loan;money;prosecutor
2245,relations,2,10,0,claims_financial_loss;claims_identity_theft;creates_urgency;impersonates_official;mentions_case_number;mentions_suspicious_activity;normal_call;requests_personal_info;requests_physical_action;requests_remote_control;requests_verification_code;warns_against_disclosure,creates_urgency;impersonates_official
2245,qualifiers,1,1,3,requested_action_type;urgency,institutional_pretext;requested_action_type;temporal_pressure;transfer_channel
2254,entities,7,9,0,bank_account;caller;case_number;credit_card;document;family_member;government_agency;investigation;location;money;personal_information;phone_call;police_officer;prosecutor;third_party;victim,bank_account;credit_card;government_agency;money;personal_information;police_officer;prosecutor
2254,relations,3,15,1,cites_legal_authority;claims_financial_loss;claims_identity_theft;creates_false_narrative;creates_urgency;demands_secrecy;impersonates_official;induces_fear;mentions_account_freeze;mentions_case_number;mentions_suspicious_activity;normal_call;refers_to_family;requests_personal_info;requests_physical_action;requests_remote_control;requests_verification_code;warns_against_disclosure,creates_urgency;impersonates_official;requests_personal_info;threatens_arrest
2254,qualifiers,4,1,1,coercive_pressure;institutional_pretext;requested_action_type;transfer_channel;urgency,coercive_pressure;institutional_pretext;requested_action_type;temporal_pressure;transfer_channel
2285,entities,1,5,1,case_number;investigation;location;money;prosecutor;victim,personal_information;prosecutor
2285,relations,2,11,2,cites_legal_authority;claims_financial_loss;claims_identity_theft;creates_false_narrative;creates_urgency;impersonates_official;mentions_case_number;mentions_suspicious_activity;normal_call;refers_to_family;requests_remote_control;requests_security_code;requests_verification_code,creates_urgency;impersonates_official;requests_personal_info;threatens_arrest
2285,qualifiers,2,1,1,coercive_pressure;institutional_pretext;urgency,coercive_pressure;institutional_pretext;temporal_pressure
2289,entities,0,4,0,family_member;location;phone_call;victim,
2289,relations,1,9,0,claims_financial_loss;claims_identity_theft;creates_false_narrative;creates_urgency;mentions_case_number;normal_call;refers_to_family;requests_security_code;requests_verification_code;warns_against_disclosure,creates_urgency
2289,qualifiers,1,1,1,coercive_pressure;urgency,coercive_pressure;temporal_pressure
2292,entities,0,4,0,family_member;location;phone_call;victim,
2292,relations,1,9,0,claims_financial_loss;claims_identity_theft;creates_false_narrative;creates_urgency;mentions_case_number;normal_call;refers_to_family;requests_security_code;requests_verification_code;warns_against_disclosure,creates_urgency
2292,qualifiers,1,1,1,coercive_pressure;urgency,coercive_pressure;temporal_pressure
2296,entities,2,3,0,bank_account;case_number;family_member;investigation;money,bank_account;money
2296,relations,1,13,1,cites_legal_authority;claims_financial_loss;claims_identity_theft;creates_false_narrative;creates_urgency;demands_secrecy;induces_fear;mentions_account_freeze;mentions_case_number;mentions_suspicious_activity;normal_call;refers_to_family;requests_physical_action;warns_against_disclosure,creates_urgency;threatens_arrest
2296,qualifiers,2,2,1,coercive_pressure;institutional_pretext;requested_action_type;transfer_channel,coercive_pressure;temporal_pressure;transfer_channel
2302,entities,5,8,0,arrest_warrant;bank_account;bank_employee;credit_card;document;family_member;government_agency;location;money;personal_information;phone_call;third_party;victim,bank_account;credit_card;government_agency;money;personal_information
2302,relations,3,16,0,cites_legal_authority;claims_financial_loss;claims_identity_theft;creates_false_narrative;creates_urgency;demands_money_transfer;demands_secrecy;impersonates_official;mentions_account_freeze;mentions_case_number;mentions_suspicious_activity;normal_call;refers_to_family;requests_personal_info;requests_physical_action;requests_remote_control;requests_verification_code;threatens_arrest;warns_against_disclosure,creates_urgency;impersonates_official;requests_personal_info
2302,qualifiers,5,1,0,coercive_pressure;institutional_pretext;requested_action_type;temporal_pressure;transfer_channel;urgency,coercive_pressure;institutional_pretext;requested_action_type;temporal_pressure;transfer_channel
2306,entities,5,6,0,bank_account;case_number;credit_card;family_member;investigation;location;money;personal_information;phone_call;police_officer;victim,bank_account;credit_card;money;personal_information;police_officer
2306,relations,2,15,1,cites_legal_authority;claims_financial_loss;claims_identity_theft;creates_false_narrative;creates_urgency;demands_money_transfer;demands_secrecy;impersonates_official;mentions_account_freeze;mentions_case_number;mentions_suspicious_activity;refers_to_family;requests_personal_info;requests_physical_action;requests_remote_control;requests_verification_code;warns_against_disclosure,creates_urgency;requests_personal_info;threatens_arrest
2306,qualifiers,2,3,1,coercive_pressure;institutional_pretext;requested_action_type;transfer_channel;urgency,coercive_pressure;temporal_pressure;transfer_channel
2330,entities,3,5,0,bank_account;credit_card;family_member;location;personal_information;phone_call;third_party;victim,bank_account;credit_card;personal_information
2330,relations,2,11,0,claims_financial_loss;claims_identity_theft;creates_false_narrative;creates_urgency;demands_secrecy;mentions_account_freeze;mentions_case_number;mentions_suspicious_activity;normal_call;refers_to_family;requests_personal_info;requests_physical_action;warns_against_disclosure,creates_urgency;requests_personal_info
2330,qualifiers,2,2,1,coercive_pressure;requested_action_type;transfer_channel;urgency,coercive_pressure;temporal_pressure;transfer_channel
2331,entities,1,5,0,family_member;investigation;location;phone_call;prosecutor;victim,prosecutor
2331,relations,2,8,0,cites_legal_authority;claims_financial_loss;claims_identity_theft;creates_false_narrative;creates_urgency;impersonates_official;induces_fear;normal_call;refers_to_family;requests_verification_code,creates_urgency;impersonates_official
2331,qualifiers,2,0,1,coercive_pressure;institutional_pretext,coercive_pressure;institutional_pretext;temporal_pressure
2341,entities,4,7,0,bank_account;credit_card;family_member;government_agency;investigation;location;money;personal_information;phone_call;prosecutor;victim,bank_account;credit_card;personal_information;prosecutor
2341,relations,3,11,1,cites_legal_authority;claims_identity_theft;creates_false_narrative;creates_urgency;impersonates_official;induces_fear;mentions_account_freeze;mentions_case_number;mentions_suspicious_activity;normal_call;refers_to_family;requests_personal_info;requests_physical_action;requests_remote_control,creates_urgency;impersonates_official;requests_personal_info;threatens_arrest
2341,qualifiers,4,2,0,coercive_pressure;institutional_pretext;requested_action_type;temporal_pressure;transfer_channel;urgency,coercive_pressure;institutional_pretext;temporal_pressure;transfer_channel
2347,entities,3,6,0,bank_account;case_number;family_member;investigation;location;money;personal_information;security_code;victim,bank_account;personal_information;security_code
2347,relations,3,15,2,cites_legal_authority;claims_financial_loss;claims_identity_theft;creates_false_narrative;creates_urgency;demands_money_transfer;demands_secrecy;induces_fear;mentions_account_freeze;mentions_case_number;mentions_suspicious_activity;normal_call;refers_to_family;requests_personal_info;requests_physical_action;requests_remote_control;requests_security_code;requests_verification_code,creates_urgency;requests_personal_info;requests_security_code;threatens_arrest;warns_against_disclosure
2347,qualifiers,2,2,1,coercive_pressure;institutional_pretext;requested_action_type;transfer_channel,coercive_pressure;temporal_pressure;transfer_channel
2359,entities,0,4,0,bank_employee;phone_call;police_officer;victim,
2359,relations,1,4,0,creates_urgency;impersonates_official;mentions_case_number;normal_call;requests_remote_control,creates_urgency
2359,qualifiers,0,2,1,institutional_pretext;urgency,temporal_pressure
2360,entities,0,5,0,bank_employee;location;phone_call;police_officer;victim,
2360,relations,1,9,0,creates_urgency;demands_money_transfer;demands_secrecy;impersonates_official;mentions_case_number;mentions_suspicious_activity;normal_call;requests_physical_action;requests_remote_control;requests_verification_code,creates_urgency
2360,qualifiers,0,1,1,urgency,temporal_pressure
2370,entities,1,6,1,bank_employee;case_number;family_member;government_agency;location;prosecutor;victim,money;prosecutor
2370,relations,1,11,1,cites_legal_authority;claims_financial_loss;claims_identity_theft;creates_false_narrative;creates_urgency;impersonates_official;induces_fear;mentions_case_number;refers_to_family;requests_physical_action;requests_security_code;requests_verification_code,impersonates_official;threatens_arrest
2370,qualifiers,2,0,1,coercive_pressure;institutional_pretext,coercive_pressure;institutional_pretext;transfer_channel
2372,entities,2,3,1,bank_account;case_number;location;personal_information;victim,bank_account;money;personal_information
2372,relations,2,10,1,cites_legal_authority;claims_financial_loss;claims_identity_theft;creates_false_narrative;creates_urgency;impersonates_official;mentions_account_freeze;mentions_case_number;mentions_suspicious_activity;requests_personal_info;requests_physical_action;requests_specific_action,creates_urgency;requests_personal_info;threatens_arrest
2372,qualifiers,1,2,1,coercive_pressure;transfer_channel;urgency,temporal_pressure;transfer_channel
2374,entities,0,5,1,case_number;investigation;location;phone_call;victim,personal_information
2374,relations,0,7,2,cites_legal_authority;claims_identity_theft;creates_false_narrative;mentions_case_number;mentions_suspicious_activity;normal_call;refers_to_family,requests_personal_info;threatens_arrest
2374,qualifiers,1,1,0,coercive_pressure;institutional_pretext,coercive_pressure
2380,entities,4,4,1,bank_account;bank_employee;credit_card;family_member;government_agency;location;money;victim,bank_account;credit_card;government_agency;money;personal_information
2380,relations,2,14,1,cites_legal_authority;claims_financial_loss;claims_identity_theft;creates_false_narrative;creates_urgency;demands_secrecy;impersonates_official;induces_fear;mentions_account_freeze;mentions_case_number;mentions_suspicious_activity;normal_call;refers_to_family;requests_physical_action;requests_remote_control;warns_against_disclosure,creates_urgency;impersonates_official;requests_personal_info
2380,qualifiers,4,1,0,coercive_pressure;institutional_pretext;temporal_pressure;transfer_channel;urgency,coercive_pressure;institutional_pretext;temporal_pressure;transfer_channel
2385,entities,5,4,0,bank_account;case_number;credit_card;location;money;personal_information;phone_call;prosecutor;victim,bank_account;credit_card;money;personal_information;prosecutor
2385,relations,3,14,2,cites_legal_authority;claims_financial_loss;claims_identity_theft;creates_false_narrative;creates_urgency;demands_money_transfer;demands_secrecy;mentions_account_freeze;mentions_case_number;mentions_suspicious_activity;normal_call;requests_personal_info;requests_physical_action;requests_remote_control;requests_specific_action;requests_verification_code;warns_against_disclosure,creates_urgency;demands_money_transfer;impersonates_official;requests_personal_info;threatens_arrest
2385,qualifiers,4,1,1,coercive_pressure;institutional_pretext;requested_action_type;transfer_channel;urgency,coercive_pressure;institutional_pretext;requested_action_type;temporal_pressure;transfer_channel
2400,entities,2,8,0,bank_account;case_number;family_member;investigation;location;money;personal_information;phone_call;police_officer;victim,bank_account;police_officer
2400,relations,0,12,1,cites_legal_authority;claims_identity_theft;creates_false_narrative;demands_secrecy;impersonates_official;mentions_account_freeze;mentions_case_number;mentions_suspicious_activity;normal_call;refers_to_family;requests_physical_action;warns_against_disclosure,threatens_arrest
2400,qualifiers,2,1,0,coercive_pressure;institutional_pretext;transfer_channel,coercive_pressure;transfer_channel
2420,entities,3,9,0,arrest_warrant;bank_account;bank_employee;case_number;document;family_member;investigation;location;money;police_officer;prosecutor;victim,bank_account;money;prosecutor
2420,relations,2,15,1,cites_legal_authority;claims_financial_loss;claims_identity_theft;creates_false_narrative;creates_urgency;demands_secrecy;impersonates_official;induces_fear;mentions_account_freeze;mentions_case_number;mentions_suspicious_activity;normal_call;refers_to_family;requests_physical_action;requests_remote_control;requests_security_code;requests_verification_code,creates_urgency;impersonates_official;threatens_arrest
2420,qualifiers,3,1,1,coercive_pressure;institutional_pretext;transfer_channel;urgency,coercive_pressure;institutional_pretext;temporal_pressure;transfer_channel
2423,entities,2,6,2,bank_account;caller;family_member;government_agency;investigation;location;phone_call;victim,bank_account;government_agency;money;personal_information
2423,relations,0,14,3,cites_legal_authority;claims_financial_loss;claims_identity_theft;creates_false_narrative;creates_urgency;induces_fear;mentions_account_freeze;mentions_case_number;mentions_suspicious_activity;normal_call;refers_to_family;requests_physical_action;requests_remote_control;requests_specific_action,impersonates_official;requests_personal_info;threatens_arrest
2423,qualifiers,3,0,1,coercive_pressure;institutional_pretext;transfer_channel,coercive_pressure;institutional_pretext;requested_action_type;transfer_channel
2425,entities,5,4,1,bank_account;case_number;credit_card;government_agency;investigation;location;money;police_officer;victim,bank_account;credit_card;government_agency;money;personal_information;police_officer
2425,relations,2,10,2,cites_legal_authority;claims_identity_theft;creates_false_narrative;creates_urgency;demands_secrecy;impersonates_official;mentions_account_freeze;mentions_case_number;mentions_suspicious_activity;normal_call;refers_to_family;requests_physical_action,creates_urgency;impersonates_official;requests_personal_info;threatens_arrest
2425,qualifiers,3,1,1,coercive_pressure;institutional_pretext;transfer_channel;urgency,coercive_pressure;institutional_pretext;temporal_pressure;transfer_channel
2434,entities,0,1,0,victim,
2434,relations,1,1,0,creates_urgency;impersonates_official,creates_urgency
2434,qualifiers,0,0,1,,temporal_pressure
2436,entities,5,6,0,bank_account;credit_card;family_member;investigation;location;money;personal_information;phone_call;prosecutor;security_code;victim,bank_account;credit_card;personal_information;prosecutor;security_code
2436,relations,3,14,3,cites_legal_authority;claims_identity_theft;creates_false_narrative;creates_urgency;demands_secrecy;induces_fear;mentions_account_freeze;mentions_case_number;mentions_suspicious_activity;normal_call;refers_to_family;requests_personal_info;requests_physical_action;requests_remote_control;requests_security_code;requests_specific_action;requests_verification_code,creates_urgency;impersonates_official;requests_personal_info;requests_security_code;threatens_arrest;warns_against_disclosure
2436,qualifiers,4,2,0,coercive_pressure;institutional_pretext;requested_action_type;temporal_pressure;transfer_channel;urgency,coercive_pressure;institutional_pretext;temporal_pressure;transfer_channel
2441,entities,5,9,1,arrest_warrant;bank_account;case_number;credit_card;document;family_member;investigation;loan;location;personal_information;phone_call;prosecutor;security_code;victim,bank_account;credit_card;money;personal_information;prosecutor;security_code
2441,relations,5,12,0,cites_legal_authority;claims_financial_loss;claims_identity_theft;creates_false_narrative;creates_urgency;demands_secrecy;impersonates_official;induces_fear;mentions_account_freeze;mentions_case_number;mentions_suspicious_activity;normal_call;refers_to_family;requests_personal_info;requests_physical_action;requests_security_code;threatens_arrest,creates_urgency;impersonates_official;requests_personal_info;requests_security_code;threatens_arrest
2441,qualifiers,3,2,1,coercive_pressure;institutional_pretext;requested_action_type;transfer_channel;urgency,coercive_pressure;institutional_pretext;temporal_pressure;transfer_channel
2449,entities,1,5,1,case_number;investigation;phone_call;police_officer;third_party;victim,personal_information;police_officer
2449,relations,0,11,2,cites_legal_authority;claims_financial_loss;claims_identity_theft;creates_false_narrative;creates_urgency;demands_secrecy;impersonates_official;mentions_case_number;mentions_suspicious_activity;normal_call;warns_against_disclosure,requests_personal_info;threatens_arrest
2449,qualifiers,0,2,0,coercive_pressure;institutional_pretext,
2452,entities,4,6,1,bank_account;case_number;credit_card;family_member;investigation;location;money;phone_call;prosecutor;victim,bank_account;credit_card;money;personal_information;prosecutor
2452,relations,1,14,2,cites_legal_authority;claims_financial_loss;claims_identity_theft;creates_false_narrative;creates_urgency;impersonates_official;induces_fear;mentions_account_freeze;mentions_case_number;mentions_suspicious_activity;normal_call;refers_to_family;requests_physical_action;requests_security_code;requests_verification_code,impersonates_official;requests_personal_info;threatens_arrest
2452,qualifiers,3,0,0,coercive_pressure;institutional_pretext;transfer_channel,coercive_pressure;institutional_pretext;transfer_channel
2460,entities,2,2,0,bank_account;credit_card;money;phone_call,bank_account;credit_card
2460,relations,0,8,1,claims_financial_loss;claims_identity_theft;creates_false_narrative;demands_secrecy;mentions_account_freeze;mentions_suspicious_activity;normal_call;refers_to_family,threatens_arrest
2460,qualifiers,2,0,0,coercive_pressure;transfer_channel,coercive_pressure;transfer_channel
2461,entities,3,3,0,bank_account;case_number;document;government_agency;money;victim,bank_account;government_agency;money
2461,relations,2,10,1,cites_legal_authority;claims_financial_loss;claims_identity_theft;creates_false_narrative;demands_money_transfer;impersonates_official;mentions_account_freeze;mentions_case_number;mentions_suspicious_activity;normal_call;requests_verification_code;warns_against_disclosure,demands_money_transfer;impersonates_official;threatens_arrest
2461,qualifiers,2,1,0,coercive_pressure;institutional_pretext;transfer_channel,institutional_pretext;transfer_channel
2464,entities,3,5,0,bank_account;case_number;credit_card;family_member;location;money;personal_information;phone_call,bank_account;credit_card;personal_information
2464,relations,1,6,1,claims_identity_theft;creates_false_narrative;mentions_account_freeze;mentions_case_number;mentions_suspicious_activity;normal_call;requests_personal_info,requests_personal_info;threatens_arrest
2464,qualifiers,2,1,0,coercive_pressure;requested_action_type;transfer_channel,coercive_pressure;transfer_channel
2467,entities,1,5,1,bank_employee;government_agency;location;personal_information;phone_call;prosecutor,money;prosecutor
2467,relations,1,10,1,cites_legal_authority;demands_secrecy;impersonates_official;mentions_case_number;mentions_suspicious_activity;normal_call;requests_personal_info;requests_security_code;requests_specific_action;requests_verification_code;warns_against_disclosure,creates_urgency;impersonates_official
2467,qualifiers,1,0,1,institutional_pretext,institutional_pretext;temporal_pressure
2468,entities,3,2,0,bank_account;credit_card;personal_information;phone_call;victim,bank_account;credit_card;personal_information
2468,relations,2,8,0,cites_legal_authority;claims_identity_theft;creates_false_narrative;creates_urgency;mentions_account_freeze;mentions_case_number;mentions_suspicious_activity;normal_call;requests_personal_info;warns_against_disclosure,creates_urgency;requests_personal_info
2468,qualifiers,1,2,1,requested_action_type;transfer_channel;urgency,temporal_pressure;transfer_channel
2471,entities,3,5,1,bank_account;credit_card;family_member;location;money;phone_call;prosecutor;victim,bank_account;credit_card;personal_information;prosecutor
2471,relations,0,11,3,cites_legal_authority;claims_financial_loss;claims_identity_theft;creates_false_narrative;mentions_account_freeze;mentions_case_number;mentions_suspicious_activity;normal_call;refers_to_family;requests_physical_action;warns_against_disclosure,impersonates_official;requests_personal_info;threatens_arrest
2471,qualifiers,3,0,0,coercive_pressure;institutional_pretext;transfer_channel,coercive_pressure;institutional_pretext;transfer_channel
2474,entities,3,5,0,bank_account;case_number;family_member;investigation;money;phone_call;prosecutor;victim,bank_account;money;prosecutor
2474,relations,1,13,2,cites_legal_authority;claims_financial_loss;claims_identity_theft;creates_false_narrative;creates_urgency;demands_money_transfer;demands_secrecy;induces_fear;mentions_account_freeze;mentions_case_number;mentions_suspicious_activity;normal_call;refers_to_family;requests_verification_code,demands_money_transfer;impersonates_official;threatens_arrest
2474,qualifiers,4,0,0,coercive_pressure;institutional_pretext;requested_action_type;transfer_channel,coercive_pressure;institutional_pretext;requested_action_type;transfer_channel
2480,entities,2,3,1,bank_account;credit_card;family_member;location;victim,bank_account;credit_card;personal_information
2480,relations,1,10,2,cites_legal_authority;claims_financial_loss;claims_identity_theft;creates_false_narrative;creates_urgency;impersonates_official;mentions_account_freeze;mentions_case_number;mentions_suspicious_activity;normal_call;requests_physical_action,creates_urgency;requests_personal_info;threatens_arrest
2480,qualifiers,2,1,1,coercive_pressure;transfer_channel;urgency,coercive_pressure;temporal_pressure;transfer_channel
2491,entities,5,5,0,bank_account;bank_employee;document;family_member;loan;location;money;personal_information;phone_call;victim,bank_account;family_member;loan;money;personal_information
2491,relations,2,18,0,cites_legal_authority;claims_financial_loss;claims_identity_theft;creates_false_narrative;creates_urgency;demands_money_transfer;demands_secrecy;impersonates_official;induces_fear;mentions_account_freeze;mentions_case_number;mentions_suspicious_activity;normal_call;refers_to_family;requests_personal_info;requests_physical_action;requests_remote_control;requests_security_code;requests_verification_code;warns_against_disclosure,creates_urgency;requests_personal_info
2491,qualifiers,2,3,1,coercive_pressure;institutional_pretext;requested_action_type;transfer_channel;urgency,requested_action_type;temporal_pressure;transfer_channel
2493,entities,2,6,0,bank_employee;document;loan;location;money;personal_information;phone_call;victim,loan;money
2493,relations,1,14,1,claims_financial_loss;claims_identity_theft;creates_false_narrative;creates_urgency;demands_secrecy;impersonates_official;induces_fear;mentions_case_number;mentions_suspicious_activity;normal_call;requests_personal_info;requests_physical_action;requests_remote_control;requests_security_code;requests_verification_code,creates_urgency;warns_against_disclosure
2493,qualifiers,2,2,1,institutional_pretext;requested_action_type;temporal_pressure;urgency,requested_action_type;temporal_pressure;transfer_channel
2502,entities,6,3,0,bank_account;government_agency;location;money;personal_information;phone_call;prosecutor;security_code;victim,bank_account;government_agency;money;personal_information;prosecutor;security_code
2502,relations,5,14,0,cites_legal_authority;claims_financial_loss;claims_identity_theft;creates_false_narrative;creates_urgency;demands_money_transfer;demands_secrecy;impersonates_official;induces_fear;mentions_account_freeze;mentions_case_number;mentions_suspicious_activity;normal_call;requests_personal_info;requests_physical_action;requests_remote_control;requests_security_code;requests_verification_code;warns_against_disclosure,creates_urgency;impersonates_official;requests_personal_info;requests_security_code;warns_against_disclosure
2502,qualifiers,2,2,1,institutional_pretext;requested_action_type;transfer_channel;urgency,institutional_pretext;temporal_pressure;transfer_channel
2505,entities,4,6,0,bank_account;case_number;family_member;investigation;loan;location;personal_information;phone_call;police_officer;victim,bank_account;loan;personal_information;police_officer
2505,relations,1,12,2,cites_legal_authority;claims_identity_theft;creates_false_narrative;demands_secrecy;impersonates_official;mentions_account_freeze;mentions_case_number;mentions_suspicious_activity;normal_call;refers_to_family;requests_personal_info;requests_physical_action;warns_against_disclosure,creates_urgency;requests_personal_info;threatens_arrest
2505,qualifiers,3,1,1,coercive_pressure;institutional_pretext;requested_action_type;transfer_channel,coercive_pressure;requested_action_type;temporal_pressure;transfer_channel
2510,entities,2,4,1,bank_account;bank_employee;location;money;phone_call;victim,bank_account;loan;money
2510,relations,1,11,0,claims_financial_loss;claims_identity_theft;creates_false_narrative;creates_urgency;demands_money_transfer;demands_secrecy;impersonates_official;mentions_account_freeze;mentions_suspicious_activity;normal_call;requests_physical_action;requests_remote_control,demands_money_transfer
2510,qualifiers,2,1,0,institutional_pretext;requested_action_type;transfer_channel,requested_action_type;transfer_channel
2513,entities,5,7,0,bank_account;bank_employee;document;government_agency;loan;location;money;personal_information;phone_call;police_officer;third_party;victim,bank_account;government_agency;loan;money;police_officer
2513,relations,4,15,0,cites_legal_authority;claims_financial_loss;claims_identity_theft;creates_false_narrative;creates_urgency;demands_money_transfer;demands_secrecy;impersonates_official;induces_fear;mentions_account_freeze;mentions_case_number;mentions_suspicious_activity;normal_call;requests_personal_info;requests_physical_action;requests_remote_control;requests_security_code;requests_verification_code;warns_against_disclosure,creates_urgency;demands_money_transfer;impersonates_official;requests_personal_info
2513,qualifiers,5,1,0,coercive_pressure;institutional_pretext;requested_action_type;temporal_pressure;transfer_channel;urgency,coercive_pressure;institutional_pretext;requested_action_type;temporal_pressure;transfer_channel
2515,entities,0,2,0,location;victim,
2515,relations,0,4,0,claims_financial_loss;claims_identity_theft;impersonates_official;requests_physical_action,
2515,qualifiers,0,0,1,,transfer_channel
2528,entities,2,2,0,loan;location;money;victim,loan;money
2528,relations,0,6,0,cites_legal_authority;claims_financial_loss;claims_identity_theft;impersonates_official;induces_fear;mentions_suspicious_activity,
2528,qualifiers,1,0,0,requested_action_type,requested_action_type
2532,entities,1,2,1,money;phone_call;victim,loan;money
2532,relations,1,6,0,claims_financial_loss;creates_urgency;demands_money_transfer;mentions_case_number;mentions_suspicious_activity;normal_call;warns_against_disclosure,creates_urgency
2532,qualifiers,0,1,1,urgency,temporal_pressure
2536,entities,8,11,0,bank_account;bank_employee;caller;case_number;credit_card;document;family_member;government_agency;investigation;location;money;online_banking;personal_information;phone_call;police_officer;prosecutor;security_code;third_party;victim,bank_account;credit_card;family_member;money;personal_information;police_officer;prosecutor;security_code
2536,relations,8,14,0,cites_legal_authority;claims_financial_loss;claims_identity_theft;creates_false_narrative;creates_urgency;demands_money_transfer;demands_secrecy;impersonates_official;induces_fear;mentions_account_freeze;mentions_case_number;mentions_suspicious_activity;normal_call;refers_to_family;requests_personal_info;requests_physical_action;requests_remote_control;requests_security_code;requests_specific_action;requests_verification_code;threatens_arrest;warns_against_disclosure,creates_urgency;demands_money_transfer;impersonates_official;normal_call;requests_personal_info;requests_security_code;threatens_arrest;warns_against_disclosure
2536,qualifiers,5,1,0,coercive_pressure;institutional_pretext;requested_action_type;temporal_pressure;transfer_channel;urgency,coercive_pressure;institutional_pretext;requested_action_type;temporal_pressure;transfer_channel
2537,entities,5,8,0,bank_account;caller;case_number;document;family_member;investigation;location;money;personal_information;phone_call;prosecutor;third_party;victim,bank_account;family_member;money;personal_information;prosecutor
2537,relations,4,16,1,cites_legal_authority;claims_financial_loss;claims_identity_theft;creates_false_narrative;creates_urgency;demands_money_transfer;demands_secrecy;impersonates_official;induces_fear;mentions_account_freeze;mentions_case_number;mentions_suspicious_activity;normal_call;refers_to_family;requests_personal_info;requests_physical_action;requests_remote_control;requests_specific_action;requests_verification_code;warns_against_disclosure,creates_urgency;demands_money_transfer;impersonates_official;requests_personal_info;threatens_arrest
2537,qualifiers,5,1,0,coercive_pressure;institutional_pretext;requested_action_type;temporal_pressure;transfer_channel;urgency,coercive_pressure;institutional_pretext;requested_action_type;temporal_pressure;transfer_channel
2550,entities,2,5,1,bank_account;family_member;investigation;location;personal_information;phone_call;victim,bank_account;money;personal_information
2550,relations,0,11,2,cites_legal_authority;claims_financial_loss;claims_identity_theft;creates_false_narrative;creates_urgency;induces_fear;mentions_account_freeze;mentions_suspicious_activity;normal_call;refers_to_family;warns_against_disclosure,requests_personal_info;threatens_arrest
2550,qualifiers,2,1,0,coercive_pressure;institutional_pretext;transfer_channel,coercive_pressure;transfer_channel
2551,entities,1,6,0,case_number;document;family_member;investigation;phone_call;prosecutor;victim,prosecutor
2551,relations,2,11,1,cites_legal_authority;claims_financial_loss;claims_identity_theft;creates_false_narrative;creates_urgency;impersonates_official;mentions_case_number;mentions_suspicious_activity;normal_call;refers_to_family;requests_remote_control;requests_security_code;requests_verification_code,creates_urgency;impersonates_official;threatens_arrest
2551,qualifiers,2,1,1,coercive_pressure;institutional_pretext;urgency,coercive_pressure;institutional_pretext;temporal_pressure
2552,entities,2,2,0,bank_account;location;money;victim,bank_account;money
2552,relations,0,8,0,claims_financial_loss;claims_identity_theft;creates_false_narrative;mentions_account_freeze;mentions_case_number;mentions_suspicious_activity;requests_physical_action;requests_verification_code,
2552,qualifiers,1,0,0,transfer_channel,transfer_channel
2555,entities,1,5,0,family_member;investigation;money;personal_information;phone_call;victim,personal_information
2555,relations,2,11,0,cites_legal_authority;claims_financial_loss;claims_identity_theft;creates_false_narrative;creates_urgency;demands_secrecy;induces_fear;mentions_case_number;mentions_suspicious_activity;normal_call;refers_to_family;requests_personal_info;warns_against_disclosure,creates_urgency;requests_personal_info
2555,qualifiers,1,2,1,coercive_pressure;institutional_pretext;requested_action_type,coercive_pressure;temporal_pressure
2556,entities,8,10,0,bank_account;bank_employee;caller;case_number;document;family_member;government_agency;investigation;loan;location;money;personal_information;phone_call;police_officer;prosecutor;security_code;third_party;victim,bank_account;government_agency;loan;money;personal_information;police_officer;prosecutor;security_code
2556,relations,7,14,0,cites_legal_authority;claims_financial_loss;claims_identity_theft;creates_false_narrative;creates_urgency;demands_money_transfer;demands_secrecy;impersonates_official;induces_fear;mentions_account_freeze;mentions_case_number;mentions_suspicious_activity;normal_call;refers_to_family;requests_personal_info;requests_physical_action;requests_remote_control;requests_security_code;requests_verification_code;threatens_arrest;warns_against_disclosure,creates_urgency;demands_money_transfer;impersonates_official;requests_personal_info;requests_security_code;threatens_arrest;warns_against_disclosure
2556,qualifiers,5,1,0,coercive_pressure;institutional_pretext;requested_action_type;temporal_pressure;transfer_channel;urgency,coercive_pressure;institutional_pretext;requested_action_type;temporal_pressure;transfer_channel
2567,entities,4,5,0,bank_account;credit_card;family_member;location;money;personal_information;phone_call;third_party;victim,bank_account;credit_card;money;personal_information
2567,relations,1,12,0,cites_legal_authority;claims_financial_loss;claims_identity_theft;creates_false_narrative;creates_urgency;demands_secrecy;mentions_account_freeze;mentions_suspicious_activity;normal_call;refers_to_family;requests_personal_info;requests_physical_action;warns_against_disclosure,requests_personal_info
2567,qualifiers,2,1,0,coercive_pressure;requested_action_type;transfer_channel,coercive_pressure;transfer_channel
2568,entities,5,7,0,bank_account;case_number;credit_card;family_member;government_agency;investigation;location;money;personal_information;phone_call;third_party;victim,bank_account;credit_card;government_agency;money;personal_information
2568,relations,3,16,1,cites_legal_authority;claims_financial_loss;claims_identity_theft;creates_false_narrative;creates_urgency;demands_money_transfer;demands_secrecy;impersonates_official;induces_fear;mentions_account_freeze;mentions_case_number;mentions_suspicious_activity;normal_call;refers_to_family;requests_personal_info;requests_physical_action;requests_remote_control;requests_specific_action;warns_against_disclosure,creates_urgency;impersonates_official;requests_personal_info;threatens_arrest
2568,qualifiers,3,2,1,coercive_pressure;institutional_pretext;requested_action_type;transfer_channel;urgency,coercive_pressure;institutional_pretext;temporal_pressure;transfer_channel
2576,entities,2,6,0,bank_account;case_number;credit_card;document;location;money;phone_call;victim,bank_account;credit_card
2576,relations,0,10,1,cites_legal_authority;claims_financial_loss;claims_identity_theft;creates_false_narrative;impersonates_official;mentions_account_freeze;mentions_case_number;mentions_suspicious_activity;normal_call;refers_to_family,threatens_arrest
2576,qualifiers,2,0,0,coercive_pressure;transfer_channel,coercive_pressure;transfer_channel
2593,entities,4,3,0,bank_account;government_agency;loan;location;money;phone_call;victim,bank_account;government_agency;loan;money
2593,relations,2,11,0,claims_financial_loss;claims_identity_theft;creates_urgency;demands_secrecy;impersonates_official;mentions_account_freeze;mentions_case_number;mentions_suspicious_activity;normal_call;requests_physical_action;requests_remote_control;requests_security_code;requests_verification_code,creates_urgency;impersonates_official
2593,qualifiers,4,1,0,institutional_pretext;requested_action_type;temporal_pressure;transfer_channel;urgency,institutional_pretext;requested_action_type;temporal_pressure;transfer_channel
2599,entities,7,12,0,bank_account;bank_employee;caller;case_number;credit_card;document;family_member;government_agency;investigation;location;money;online_banking;personal_information;phone_call;police_officer;prosecutor;security_code;third_party;victim,bank_account;credit_card;government_agency;money;personal_information;police_officer;prosecutor
2599,relations,6,15,1,cites_legal_authority;claims_financial_loss;claims_identity_theft;creates_false_narrative;creates_urgency;demands_money_transfer;demands_secrecy;impersonates_official;induces_fear;mentions_account_freeze;mentions_case_number;mentions_suspicious_activity;normal_call;refers_to_family;requests_personal_info;requests_physical_action;requests_remote_control;requests_security_code;requests_specific_action;requests_verification_code;warns_against_disclosure,creates_urgency;demands_money_transfer;impersonates_official;normal_call;requests_personal_info;threatens_arrest;warns_against_disclosure
2599,qualifiers,5,1,0,coercive_pressure;institutional_pretext;requested_action_type;temporal_pressure;transfer_channel;urgency,coercive_pressure;institutional_pretext;requested_action_type;temporal_pressure;transfer_channel
2607,entities,7,10,0,arrest_warrant;bank_account;bank_employee;case_number;document;family_member;investigation;loan;location;money;online_banking;personal_information;phone_call;police_officer;prosecutor;third_party;victim,bank_account;family_member;loan;money;personal_information;police_officer;prosecutor
2607,relations,5,17,0,cites_legal_authority;claims_financial_loss;claims_identity_theft;creates_false_narrative;creates_urgency;demands_money_transfer;demands_secrecy;impersonates_official;induces_fear;mentions_account_freeze;mentions_case_number;mentions_suspicious_activity;normal_call;refers_to_family;requests_personal_info;requests_physical_action;requests_remote_control;requests_security_code;requests_specific_action;requests_verification_code;threatens_arrest;warns_against_disclosure,creates_urgency;demands_money_transfer;impersonates_official;requests_personal_info;threatens_arrest
2607,qualifiers,4,1,1,coercive_pressure;institutional_pretext;requested_action_type;transfer_channel;urgency,coercive_pressure;institutional_pretext;requested_action_type;temporal_pressure;transfer_channel
2611,entities,4,5,0,bank_account;bank_employee;credit_card;loan;location;money;personal_information;phone_call;victim,bank_account;credit_card;loan;money
2611,relations,1,13,0,claims_financial_loss;claims_identity_theft;creates_false_narrative;creates_urgency;demands_secrecy;mentions_account_freeze;mentions_case_number;mentions_suspicious_activity;normal_call;requests_personal_info;requests_physical_action;requests_remote_control;requests_verification_code;warns_against_disclosure,creates_urgency
2611,qualifiers,3,1,0,requested_action_type;temporal_pressure;transfer_channel;urgency,requested_action_type;temporal_pressure;transfer_channel
2615,entities,6,7,0,bank_account;case_number;credit_card;government_agency;investigation;location;money;online_banking;personal_information;phone_call;prosecutor;security_code;victim,bank_account;credit_card;money;personal_information;prosecutor;security_code
2615,relations,4,13,1,cites_legal_authority;claims_financial_loss;claims_identity_theft;creates_false_narrative;creates_urgency;demands_secrecy;impersonates_official;induces_fear;mentions_account_freeze;mentions_case_number;mentions_suspicious_activity;normal_call;requests_personal_info;requests_physical_action;requests_security_code;requests_specific_action;warns_against_disclosure,creates_urgency;impersonates_official;requests_personal_info;requests_security_code;threatens_arrest
2615,qualifiers,2,3,1,coercive_pressure;institutional_pretext;requested_action_type;transfer_channel;urgency,institutional_pretext;temporal_pressure;transfer_channel
2621,entities,10,9,0,ATM;bank_account;bank_employee;case_number;credit_card;document;family_member;government_agency;investigation;loan;location;money;online_banking;personal_information;phone_call;police_officer;prosecutor;security_code;victim,bank_account;credit_card;family_member;government_agency;loan;money;personal_information;police_officer;prosecutor;security_code
2621,relations,7,15,0,cites_legal_authority;claims_financial_loss;claims_identity_theft;creates_false_narrative;creates_urgency;demands_money_transfer;demands_secrecy;impersonates_official;induces_fear;mentions_account_freeze;mentions_case_number;mentions_suspicious_activity;normal_call;refers_to_family;requests_personal_info;requests_physical_action;requests_remote_control;requests_security_code;requests_specific_action;requests_verification_code;threatens_arrest;warns_against_disclosure,creates_urgency;demands_money_transfer;impersonates_official;requests_personal_info;requests_security_code;threatens_arrest;warns_against_disclosure
2621,qualifiers,4,1,1,coercive_pressure;institutional_pretext;requested_action_type;transfer_channel;urgency,coercive_pressure;institutional_pretext;requested_action_type;temporal_pressure;transfer_channel
2624,entities,1,3,0,family_member;loan;phone_call;victim,loan
2624,relations,0,10,0,creates_false_narrative;demands_secrecy;impersonates_official;normal_call;refers_to_family;requests_personal_info;requests_remote_control;requests_security_code;requests_verification_code;warns_against_disclosure,
2624,qualifiers,1,0,0,requested_action_type,requested_action_type
2626,entities,3,5,0,bank_account;credit_card;family_member;location;money;personal_information;phone_call;victim,bank_account;credit_card;personal_information
2626,relations,2,11,0,cites_legal_authority;claims_financial_loss;claims_identity_theft;creates_false_narrative;creates_urgency;demands_secrecy;mentions_account_freeze;mentions_case_number;mentions_suspicious_activity;normal_call;refers_to_family;requests_personal_info;requests_physical_action,creates_urgency;requests_personal_info
2626,qualifiers,2,2,1,coercive_pressure;requested_action_type;transfer_channel;urgency,coercive_pressure;temporal_pressure;transfer_channel
2631,entities,3,2,0,bank_account;credit_card;location;money;phone_call,bank_account;credit_card;money
2631,relations,1,14,0,claims_financial_loss;claims_identity_theft;creates_urgency;demands_money_transfer;demands_secrecy;mentions_account_freeze;mentions_case_number;mentions_suspicious_activity;normal_call;requests_personal_info;requests_physical_action;requests_remote_control;requests_security_code;requests_verification_code;warns_against_disclosure,creates_urgency
2631,qualifiers,1,1,1,transfer_channel;urgency,temporal_pressure;transfer_channel
2643,entities,0,2,1,case_number;phone_call,money
2643,relations,1,4,1,creates_false_narrative;creates_urgency;mentions_case_number;normal_call;requests_physical_action,creates_urgency;threatens_arrest
2643,qualifiers,0,2,1,coercive_pressure;urgency,temporal_pressure
2655,entities,5,4,0,bank_account;credit_card;location;money;personal_information;phone_call;security_code;third_party;victim,bank_account;credit_card;money;personal_information;security_code
2655,relations,5,9,0,claims_financial_loss;claims_identity_theft;creates_false_narrative;creates_urgency;demands_money_transfer;demands_secrecy;mentions_account_freeze;mentions_case_number;mentions_suspicious_activity;normal_call;requests_personal_info;requests_security_code;requests_verification_code;warns_against_disclosure,creates_urgency;demands_money_transfer;requests_personal_info;requests_security_code;warns_against_disclosure
2655,qualifiers,1,3,1,coercive_pressure;requested_action_type;transfer_channel;urgency,temporal_pressure;transfer_channel
2667,entities,2,5,0,bank_employee;investigation;loan;location;money;phone_call;victim,loan;money
2667,relations,2,9,0,cites_legal_authority;claims_financial_loss;claims_identity_theft;creates_urgency;demands_money_transfer;demands_secrecy;induces_fear;mentions_suspicious_activity;requests_physical_action;requests_remote_control;requests_verification_code,creates_urgency;demands_money_transfer
2667,qualifiers,1,2,2,institutional_pretext;requested_action_type;urgency,requested_action_type;temporal_pressure;transfer_channel
2677,entities,1,2,0,location;money;phone_call,money
2677,relations,0,4,0,claims_financial_loss;demands_secrecy;induces_fear;normal_call,
2677,qualifiers,0,0,0,,
2681,entities,3,4,0,bank_account;case_number;location;money;personal_information;phone_call;victim,bank_account;money;personal_information
2681,relations,2,11,1,cites_legal_authority;claims_financial_loss;claims_identity_theft;creates_false_narrative;creates_urgency;mentions_account_freeze;mentions_case_number;mentions_suspicious_activity;normal_call;requests_personal_info;requests_physical_action;requests_specific_action;warns_against_disclosure,creates_urgency;requests_personal_info;threatens_arrest
2681,qualifiers,1,3,1,coercive_pressure;requested_action_type;transfer_channel;urgency,temporal_pressure;transfer_channel
2684,entities,0,3,0,location;phone_call;victim,
2684,relations,0,3,0,claims_identity_theft;normal_call;requests_physical_action,
2684,qualifiers,0,0,1,,transfer_channel
2686,entities,0,3,0,money;phone_call;third_party,
2686,relations,2,4,0,claims_financial_loss;creates_urgency;demands_secrecy;mentions_case_number;normal_call;warns_against_disclosure,creates_urgency;normal_call
2686,qualifiers,0,1,1,urgency,temporal_pressure
2689,entities,2,4,0,bank_account;family_member;location;money;phone_call;victim,bank_account;money
2689,relations,1,10,1,claims_financial_loss;claims_identity_theft;creates_false_narrative;creates_urgency;mentions_account_freeze;mentions_case_number;mentions_suspicious_activity;normal_call;refers_to_family;requests_physical_action;warns_against_disclosure,creates_urgency;threatens_arrest
2689,qualifiers,2,1,1,coercive_pressure;transfer_channel;urgency,coercive_pressure;temporal_pressure;transfer_channel
2699,entities,2,3,0,credit_card;location;personal_information;phone_call;victim,credit_card;personal_information
2699,relations,1,7,0,claims_identity_theft;demands_secrecy;mentions_case_number;mentions_suspicious_activity;normal_call;requests_personal_info;requests_physical_action;requests_security_code,requests_personal_info
2699,qualifiers,0,2,1,requested_action_type;temporal_pressure,transfer_channel
2704,entities,2,0,0,bank_account;money,bank_account;money
2704,relations,1,5,0,claims_financial_loss;claims_identity_theft;creates_false_narrative;demands_money_transfer;mentions_account_freeze;mentions_suspicious_activity,demands_money_transfer
2704,qualifiers,2,0,0,requested_action_type;transfer_channel,requested_action_type;transfer_channel
2709,entities,1,5,0,bank_account;family_member;government_agency;location;money;victim,bank_account
2709,relations,2,12,0,cites_legal_authority;claims_financial_loss;claims_identity_theft;creates_false_narrative;creates_urgency;demands_money_transfer;demands_secrecy;mentions_account_freeze;mentions_suspicious_activity;normal_call;refers_to_family;requests_physical_action;requests_verification_code;warns_against_disclosure,creates_urgency;demands_money_transfer
2709,qualifiers,2,1,1,coercive_pressure;transfer_channel;urgency,coercive_pressure;temporal_pressure;transfer_channel
2711,entities,1,2,0,bank_account;money;victim,bank_account
2711,relations,2,11,0,cites_legal_authority;claims_financial_loss;claims_identity_theft;creates_false_narrative;creates_urgency;demands_money_transfer;demands_secrecy;mentions_account_freeze;mentions_suspicious_activity;requests_remote_control;requests_specific_action;requests_verification_code;warns_against_disclosure,creates_urgency;demands_money_transfer
2711,qualifiers,2,1,1,requested_action_type;transfer_channel;urgency,requested_action_type;temporal_pressure;transfer_channel
2712,entities,2,4,0,bank_account;investigation;location;personal_information;phone_call;victim,bank_account;personal_information
2712,relations,2,8,0,cites_legal_authority;claims_identity_theft;creates_false_narrative;creates_urgency;demands_secrecy;mentions_account_freeze;mentions_suspicious_activity;normal_call;requests_personal_info;requests_physical_action,creates_urgency;requests_personal_info
2712,qualifiers,1,4,1,coercive_pressure;institutional_pretext;requested_action_type;transfer_channel;urgency,temporal_pressure;transfer_channel
2714,entities,10,11,0,arrest_warrant;bank_account;bank_employee;caller;case_number;credit_card;document;family_member;government_agency;investigation;loan;location;money;online_banking;personal_information;phone_call;police_officer;prosecutor;security_code;third_party;victim,bank_account;credit_card;family_member;government_agency;loan;money;personal_information;police_officer;prosecutor;security_code
2714,relations,7,15,0,cites_legal_authority;claims_financial_loss;claims_identity_theft;creates_false_narrative;creates_urgency;demands_money_transfer;demands_secrecy;impersonates_official;induces_fear;mentions_account_freeze;mentions_case_number;mentions_suspicious_activity;normal_call;refers_to_family;requests_personal_info;requests_physical_action;requests_remote_control;requests_security_code;requests_specific_action;requests_verification_code;threatens_arrest;warns_against_disclosure,creates_urgency;demands_money_transfer;impersonates_official;requests_personal_info;requests_security_code;threatens_arrest;warns_against_disclosure
2714,qualifiers,5,1,0,coercive_pressure;institutional_pretext;requested_action_type;temporal_pressure;transfer_channel;urgency,coercive_pressure;institutional_pretext;requested_action_type;temporal_pressure;transfer_channel
2716,entities,2,5,1,bank_account;case_number;family_member;loan;location;personal_information;victim,bank_account;money;personal_information
2716,relations,3,11,1,claims_financial_loss;claims_identity_theft;creates_false_narrative;creates_urgency;demands_money_transfer;demands_secrecy;mentions_account_freeze;mentions_case_number;mentions_suspicious_activity;normal_call;requests_personal_info;requests_physical_action;requests_specific_action;requests_verification_code,creates_urgency;demands_money_transfer;requests_personal_info;threatens_arrest
2716,qualifiers,3,1,1,coercive_pressure;requested_action_type;transfer_channel;urgency,coercive_pressure;requested_action_type;temporal_pressure;transfer_channel
2717,entities,6,7,1,bank_account;bank_employee;case_number;family_member;investigation;location;money;online_banking;personal_information;phone_call;police_officer;security_code;victim,bank_account;family_member;government_agency;money;personal_information;police_officer;security_code
2717,relations,6,15,1,cites_legal_authority;claims_financial_loss;claims_identity_theft;creates_false_narrative;creates_urgency;demands_money_transfer;demands_secrecy;impersonates_official;induces_fear;mentions_account_freeze;mentions_case_number;mentions_suspicious_activity;normal_call;refers_to_family;requests_personal_info;requests_physical_action;requests_remote_control;requests_security_code;requests_specific_action;requests_verification_code;warns_against_disclosure,creates_urgency;demands_money_transfer;normal_call;requests_personal_info;requests_security_code;threatens_arrest;warns_against_disclosure
2717,qualifiers,3,2,1,coercive_pressure;institutional_pretext;requested_action_type;transfer_channel;urgency,coercive_pressure;requested_action_type;temporal_pressure;transfer_channel
2725,entities,4,8,0,bank_account;bank_employee;caller;credit_card;document;family_member;location;money;personal_information;phone_call;third_party;victim,bank_account;credit_card;money;personal_information
2725,relations,2,15,1,claims_financial_loss;claims_identity_theft;creates_false_narrative;creates_urgency;demands_money_transfer;demands_secrecy;induces_fear;mentions_account_freeze;mentions_case_number;mentions_suspicious_activity;normal_call;refers_to_family;requests_personal_info;requests_physical_action;requests_security_code;requests_specific_action;requests_verification_code,demands_money_transfer;requests_personal_info;threatens_arrest
2725,qualifiers,2,1,0,coercive_pressure;requested_action_type;transfer_channel,coercive_pressure;transfer_channel
2731,entities,3,6,0,family_member;government_agency;investigation;location;personal_information;phone_call;police_officer;prosecutor;victim,personal_information;police_officer;prosecutor
2731,relations,2,9,1,cites_legal_authority;claims_financial_loss;claims_identity_theft;creates_urgency;demands_secrecy;impersonates_official;mentions_case_number;mentions_suspicious_activity;normal_call;refers_to_family;requests_personal_info,impersonates_official;requests_personal_info;threatens_arrest
2731,qualifiers,2,1,0,coercive_pressure;institutional_pretext;requested_action_type,coercive_pressure;institutional_pretext
2736,entities,6,5,0,bank_account;bank_employee;credit_card;family_member;government_agency;location;money;personal_information;phone_call;prosecutor;victim,bank_account;credit_card;family_member;money;personal_information;prosecutor
2736,relations,3,14,1,cites_legal_authority;claims_financial_loss;claims_identity_theft;creates_false_narrative;creates_urgency;demands_secrecy;impersonates_official;mentions_account_freeze;mentions_case_number;mentions_suspicious_activity;normal_call;refers_to_family;requests_personal_info;requests_physical_action;requests_remote_control;requests_verification_code;warns_against_disclosure,creates_urgency;impersonates_official;requests_personal_info;threatens_arrest
2736,qualifiers,3,2,1,coercive_pressure;institutional_pretext;requested_action_type;transfer_channel;urgency,coercive_pressure;institutional_pretext;temporal_pressure;transfer_channel
2742,entities,4,4,0,bank_account;bank_employee;family_member;loan;money;phone_call;prosecutor;victim,bank_account;loan;money;prosecutor
2742,relations,2,15,0,cites_legal_authority;claims_financial_loss;claims_identity_theft;creates_false_narrative;creates_urgency;demands_secrecy;impersonates_official;induces_fear;mentions_account_freeze;mentions_case_number;mentions_suspicious_activity;normal_call;refers_to_family;requests_remote_control;requests_security_code;requests_verification_code;warns_against_disclosure,creates_urgency;impersonates_official
2742,qualifiers,4,1,1,coercive_pressure;institutional_pretext;requested_action_type;transfer_channel;urgency,coercive_pressure;institutional_pretext;requested_action_type;temporal_pressure;transfer_channel
2746,entities,1,2,1,bank_account;location;phone_call,bank_account;money
2746,relations,1,5,0,claims_identity_theft;demands_money_transfer;mentions_account_freeze;mentions_suspicious_activity;normal_call;warns_against_disclosure,demands_money_transfer
2746,qualifiers,2,0,0,requested_action_type;transfer_channel,requested_action_type;transfer_channel
2759,entities,4,5,0,bank_account;document;family_member;investigation;loan;location;money;personal_information;victim,bank_account;loan;money;personal_information
2759,relations,3,15,1,cites_legal_authority;claims_financial_loss;claims_identity_theft;creates_false_narrative;creates_urgency;demands_money_transfer;demands_secrecy;impersonates_official;mentions_account_freeze;mentions_case_number;mentions_suspicious_activity;normal_call;refers_to_family;requests_personal_info;requests_physical_action;requests_remote_control;requests_verification_code;warns_against_disclosure,creates_urgency;demands_money_transfer;requests_personal_info;threatens_arrest
2759,qualifiers,3,2,1,coercive_pressure;institutional_pretext;requested_action_type;transfer_channel;urgency,coercive_pressure;requested_action_type;temporal_pressure;transfer_channel
2762,entities,0,3,1,location;money;victim,loan
2762,relations,0,4,0,claims_financial_loss;claims_identity_theft;normal_call;requests_physical_action,
2762,qualifiers,0,0,2,,requested_action_type;transfer_channel
2765,entities,2,5,0,bank_employee;document;loan;location;money;personal_information;victim,loan;money
2765,relations,1,13,0,cites_legal_authority;claims_financial_loss;claims_identity_theft;creates_urgency;demands_secrecy;impersonates_official;induces_fear;mentions_case_number;mentions_suspicious_activity;normal_call;requests_personal_info;requests_physical_action;requests_security_code;requests_verification_code,creates_urgency
2765,qualifiers,1,3,1,coercive_pressure;institutional_pretext;requested_action_type;urgency,requested_action_type;temporal_pressure
2766,entities,5,6,0,bank_employee;credit_card;document;family_member;loan;location;money;personal_information;phone_call;third_party;victim,credit_card;family_member;loan;money;personal_information
2766,relations,2,17,0,cites_legal_authority;claims_financial_loss;claims_identity_theft;creates_false_narrative;creates_urgency;demands_money_transfer;demands_secrecy;induces_fear;mentions_case_number;mentions_suspicious_activity;normal_call;refers_to_family;requests_personal_info;requests_physical_action;requests_remote_control;requests_security_code;requests_specific_action;requests_verification_code;warns_against_disclosure,creates_urgency;requests_personal_info
2766,qualifiers,1,3,2,coercive_pressure;institutional_pretext;requested_action_type;urgency,requested_action_type;temporal_pressure;transfer_channel
2774,entities,3,8,0,bank_account;case_number;government_agency;investigation;location;money;phone_call;police_officer;prosecutor;third_party;victim,bank_account;police_officer;prosecutor
2774,relations,1,13,1,cites_legal_authority;claims_identity_theft;creates_false_narrative;creates_urgency;demands_secrecy;impersonates_official;mentions_account_freeze;mentions_case_number;mentions_suspicious_activity;normal_call;refers_to_family;requests_remote_control;requests_verification_code;warns_against_disclosure,impersonates_official;threatens_arrest
2774,qualifiers,3,0,0,coercive_pressure;institutional_pretext;transfer_channel,coercive_pressure;institutional_pretext;transfer_channel
2777,entities,7,11,0,bank_account;bank_employee;caller;case_number;credit_card;document;family_member;government_agency;investigation;loan;location;money;online_banking;personal_information;phone_call;police_officer;third_party;victim,bank_account;credit_card;government_agency;loan;money;personal_information;police_officer
2777,relations,4,17,1,cites_legal_authority;claims_financial_loss;claims_identity_theft;creates_false_narrative;creates_urgency;demands_money_transfer;demands_secrecy;impersonates_official;induces_fear;mentions_account_freeze;mentions_case_number;mentions_suspicious_activity;normal_call;refers_to_family;requests_personal_info;requests_physical_action;requests_remote_control;requests_security_code;requests_specific_action;requests_verification_code;warns_against_disclosure,creates_urgency;demands_money_transfer;impersonates_official;requests_personal_info;threatens_arrest
2777,qualifiers,5,1,0,coercive_pressure;institutional_pretext;requested_action_type;temporal_pressure;transfer_channel;urgency,coercive_pressure;institutional_pretext;requested_action_type;temporal_pressure;transfer_channel
2779,entities,4,8,0,bank_account;case_number;family_member;government_agency;investigation;loan;location;money;personal_information;phone_call;police_officer;victim,bank_account;money;personal_information;police_officer
2779,relations,4,17,1,cites_legal_authority;claims_financial_loss;claims_identity_theft;creates_false_narrative;creates_urgency;demands_money_transfer;demands_secrecy;impersonates_official;induces_fear;mentions_account_freeze;mentions_case_number;mentions_suspicious_activity;normal_call;refers_to_family;requests_personal_info;requests_physical_action;requests_remote_control;requests_security_code;requests_specific_action;requests_verification_code;warns_against_disclosure,creates_urgency;demands_money_transfer;impersonates_official;requests_personal_info;threatens_arrest
2779,qualifiers,4,1,0,coercive_pressure;institutional_pretext;temporal_pressure;transfer_channel;urgency,coercive_pressure;institutional_pretext;temporal_pressure;transfer_channel
2799,entities,3,4,0,bank_employee;credit_card;family_member;loan;location;money;phone_call,credit_card;loan;money
2799,relations,1,13,0,claims_financial_loss;claims_identity_theft;creates_urgency;demands_money_transfer;demands_secrecy;impersonates_official;mentions_case_number;mentions_suspicious_activity;normal_call;refers_to_family;requests_physical_action;requests_remote_control;requests_security_code;requests_verification_code,creates_urgency
2799,qualifiers,1,1,2,requested_action_type;urgency,requested_action_type;temporal_pressure;transfer_channel
2805,entities,1,1,0,money;victim,money
2805,relations,0,2,0,claims_financial_loss;mentions_case_number,
2805,qualifiers,0,0,0,,
2808,entities,3,6,0,ATM;bank_account;family_member;location;money;online_banking;personal_information;phone_call;victim,bank_account;family_member;money
2808,relations,2,14,0,claims_financial_loss;claims_identity_theft;creates_urgency;demands_money_transfer;demands_secrecy;mentions_account_freeze;mentions_case_number;mentions_suspicious_activity;normal_call;refers_to_family;requests_personal_info;requests_physical_action;requests_remote_control;requests_security_code;requests_specific_action;requests_verification_code,creates_urgency;demands_money_transfer
2808,qualifiers,2,2,1,coercive_pressure;requested_action_type;transfer_channel;urgency,requested_action_type;temporal_pressure;transfer_channel
2812,entities,6,8,0,bank_account;caller;case_number;document;family_member;government_agency;investigation;location;money;personal_information;phone_call;police_officer;prosecutor;victim,bank_account;government_agency;money;personal_information;police_officer;prosecutor
2812,relations,3,15,1,cites_legal_authority;claims_financial_loss;claims_identity_theft;creates_false_narrative;creates_urgency;demands_secrecy;impersonates_official;induces_fear;mentions_account_freeze;mentions_case_number;mentions_suspicious_activity;normal_call;refers_to_family;requests_personal_info;requests_physical_action;requests_remote_control;requests_security_code;requests_verification_code,creates_urgency;impersonates_official;requests_personal_info;threatens_arrest
2812,qualifiers,5,1,0,coercive_pressure;institutional_pretext;requested_action_type;temporal_pressure;transfer_channel;urgency,coercive_pressure;institutional_pretext;requested_action_type;temporal_pressure;transfer_channel
2817,entities,4,4,2,bank_account;credit_card;family_member;loan;location;money;phone_call;victim,bank_account;credit_card;government_agency;loan;money;personal_information
2817,relations,3,16,0,cites_legal_authority;claims_financial_loss;claims_identity_theft;creates_false_narrative;creates_urgency;demands_money_transfer;demands_secrecy;impersonates_official;mentions_account_freeze;mentions_case_number;mentions_suspicious_activity;normal_call;refers_to_family;requests_personal_info;requests_physical_action;requests_remote_control;requests_security_code;requests_verification_code;threatens_arrest,creates_urgency;demands_money_transfer;requests_personal_info
2817,qualifiers,3,2,1,coercive_pressure;institutional_pretext;requested_action_type;transfer_channel;urgency,coercive_pressure;requested_action_type;temporal_pressure;transfer_channel
2825,entities,4,5,0,bank_account;bank_employee;credit_card;document;loan;location;money;phone_call;third_party,bank_account;credit_card;loan;money
2825,relations,2,10,0,cites_legal_authority;claims_financial_loss;claims_identity_theft;creates_urgency;demands_money_transfer;mentions_account_freeze;mentions_case_number;mentions_suspicious_activity;normal_call;requests_physical_action;requests_verification_code;warns_against_disclosure,creates_urgency;demands_money_transfer
2825,qualifiers,3,2,0,institutional_pretext;requested_action_type;temporal_pressure;transfer_channel;urgency,requested_action_type;temporal_pressure;transfer_channel
2827,entities,4,4,0,bank_account;bank_employee;credit_card;location;money;personal_information;security_code;victim,bank_account;credit_card;money;security_code
2827,relations,4,13,0,claims_financial_loss;claims_identity_theft;creates_urgency;demands_money_transfer;demands_secrecy;impersonates_official;induces_fear;mentions_account_freeze;mentions_case_number;mentions_suspicious_activity;normal_call;requests_personal_info;requests_physical_action;requests_remote_control;requests_security_code;requests_verification_code;warns_against_disclosure,creates_urgency;normal_call;requests_security_code;warns_against_disclosure
2827,qualifiers,3,1,0,requested_action_type;temporal_pressure;transfer_channel;urgency,requested_action_type;temporal_pressure;transfer_channel
2828,entities,8,11,0,bank_account;bank_employee;caller;case_number;credit_card;family_member;government_agency;investigation;loan;location;money;online_banking;personal_information;phone_call;police_officer;prosecutor;security_code;third_party;victim,bank_account;credit_card;family_member;loan;money;personal_information;police_officer;prosecutor
2828,relations,5,16,1,cites_legal_authority;claims_financial_loss;claims_identity_theft;creates_false_narrative;creates_urgency;demands_money_transfer;demands_secrecy;impersonates_official;induces_fear;mentions_account_freeze;mentions_case_number;mentions_suspicious_activity;normal_call;refers_to_family;requests_personal_info;requests_physical_action;requests_remote_control;requests_security_code;requests_specific_action;requests_verification_code;warns_against_disclosure,creates_urgency;demands_money_transfer;impersonates_official;normal_call;requests_personal_info;threatens_arrest
2828,qualifiers,5,1,0,coercive_pressure;institutional_pretext;requested_action_type;temporal_pressure;transfer_channel;urgency,coercive_pressure;institutional_pretext;requested_action_type;temporal_pressure;transfer_channel
2835,entities,2,4,0,loan;location;money;personal_information;phone_call;victim,loan;money
2835,relations,1,14,0,cites_legal_authority;claims_financial_loss;claims_identity_theft;creates_urgency;demands_secrecy;impersonates_official;mentions_case_number;mentions_suspicious_activity;normal_call;requests_personal_info;requests_physical_action;requests_remote_control;requests_security_code;requests_verification_code;warns_against_disclosure,creates_urgency
2835,qualifiers,2,1,1,requested_action_type;temporal_pressure;urgency,requested_action_type;temporal_pressure;transfer_channel
2838,entities,1,2,0,bank_account;location;phone_call,bank_account
2838,relations,1,6,0,claims_identity_theft;creates_urgency;mentions_account_freeze;mentions_case_number;normal_call;requests_security_code;requests_verification_code,creates_urgency
2838,qualifiers,1,1,1,transfer_channel;urgency,temporal_pressure;transfer_channel
2840,entities,2,3,0,bank_account;location;money;phone_call;victim,bank_account;money
2840,relations,1,14,0,claims_financial_loss;claims_identity_theft;creates_urgency;demands_money_transfer;demands_secrecy;impersonates_official;mentions_account_freeze;mentions_case_number;mentions_suspicious_activity;normal_call;requests_personal_info;requests_physical_action;requests_remote_control;requests_security_code;requests_verification_code,creates_urgency
2840,qualifiers,1,1,1,transfer_channel;urgency,temporal_pressure;transfer_channel
2846,entities,0,4,1,bank_employee;location;phone_call;police_officer,money
2846,relations,0,4,0,impersonates_official;mentions_suspicious_activity;normal_call;requests_specific_action,
2846,qualifiers,0,0,0,,
2860,entities,3,6,1,bank_account;case_number;family_member;location;online_banking;personal_information;phone_call;prosecutor;victim,bank_account;money;personal_information;prosecutor
2860,relations,4,17,1,cites_legal_authority;claims_financial_loss;claims_identity_theft;creates_false_narrative;creates_urgency;demands_money_transfer;demands_secrecy;impersonates_official;induces_fear;mentions_account_freeze;mentions_case_number;mentions_suspicious_activity;normal_call;refers_to_family;requests_personal_info;requests_physical_action;requests_remote_control;requests_security_code;requests_specific_action;requests_verification_code;warns_against_disclosure,creates_urgency;demands_money_transfer;impersonates_official;requests_personal_info;threatens_arrest
2860,qualifiers,5,0,0,coercive_pressure;institutional_pretext;requested_action_type;temporal_pressure;transfer_channel,coercive_pressure;institutional_pretext;requested_action_type;temporal_pressure;transfer_channel
2867,entities,5,5,0,bank_account;case_number;credit_card;family_member;government_agency;location;money;personal_information;phone_call;victim,bank_account;credit_card;government_agency;money;personal_information
2867,relations,3,16,1,claims_financial_loss;claims_identity_theft;creates_false_narrative;creates_urgency;demands_money_transfer;demands_secrecy;impersonates_official;mentions_account_freeze;mentions_case_number;mentions_suspicious_activity;normal_call;refers_to_family;requests_personal_info;requests_physical_action;requests_remote_control;requests_security_code;requests_specific_action;requests_verification_code;warns_against_disclosure,creates_urgency;impersonates_official;requests_personal_info;threatens_arrest
2867,qualifiers,4,1,0,coercive_pressure;institutional_pretext;temporal_pressure;transfer_channel;urgency,coercive_pressure;institutional_pretext;temporal_pressure;transfer_channel
2869,entities,1,2,0,personal_information;phone_call;victim,personal_information
2869,relations,1,10,0,claims_financial_loss;claims_identity_theft;demands_money_transfer;demands_secrecy;induces_fear;mentions_case_number;mentions_suspicious_activity;normal_call;requests_personal_info;requests_remote_control;requests_verification_code,requests_personal_info
2869,qualifiers,0,2,0,coercive_pressure;requested_action_type,
2872,entities,6,9,0,bank_account;caller;case_number;credit_card;document;family_member;government_agency;investigation;location;money;personal_information;phone_call;prosecutor;third_party;victim,bank_account;credit_card;family_member;money;personal_information;prosecutor
2872,relations,4,17,1,cites_legal_authority;claims_financial_loss;claims_identity_theft;creates_false_narrative;creates_urgency;demands_money_transfer;demands_secrecy;impersonates_official;induces_fear;mentions_account_freeze;mentions_case_number;mentions_suspicious_activity;normal_call;refers_to_family;requests_personal_info;requests_physical_action;requests_remote_control;requests_security_code;requests_specific_action;requests_verification_code;warns_against_disclosure,creates_urgency;demands_money_transfer;impersonates_official;requests_personal_info;threatens_arrest
2872,qualifiers,4,1,1,coercive_pressure;institutional_pretext;requested_action_type;transfer_channel;urgency,coercive_pressure;institutional_pretext;requested_action_type;temporal_pressure;transfer_channel
2873,entities,6,10,0,bank_account;bank_employee;caller;case_number;credit_card;document;family_member;government_agency;investigation;location;money;personal_information;phone_call;police_officer;prosecutor;victim,bank_account;credit_card;money;personal_information;police_officer;prosecutor
2873,relations,4,17,1,cites_legal_authority;claims_financial_loss;claims_identity_theft;creates_false_narrative;creates_urgency;demands_money_transfer;demands_secrecy;impersonates_official;induces_fear;mentions_account_freeze;mentions_case_number;mentions_suspicious_activity;normal_call;refers_to_family;requests_personal_info;requests_physical_action;requests_remote_control;requests_security_code;requests_specific_action;requests_verification_code;warns_against_disclosure,creates_urgency;demands_money_transfer;impersonates_official;requests_personal_info;threatens_arrest
2873,qualifiers,3,2,1,coercive_pressure;institutional_pretext;requested_action_type;transfer_channel;urgency,coercive_pressure;institutional_pretext;temporal_pressure;transfer_channel
2877,entities,3,6,0,arrest_warrant;bank_employee;document;loan;location;money;personal_information;phone_call;victim,loan;money;personal_information
2877,relations,3,15,0,cites_legal_authority;claims_financial_loss;claims_identity_theft;creates_false_narrative;creates_urgency;demands_money_transfer;demands_secrecy;impersonates_official;induces_fear;mentions_case_number;mentions_suspicious_activity;normal_call;requests_personal_info;requests_physical_action;requests_remote_control;requests_security_code;requests_specific_action;requests_verification_code,creates_urgency;demands_money_transfer;requests_personal_info
2877,qualifiers,1,2,1,institutional_pretext;requested_action_type;urgency,requested_action_type;temporal_pressure
2880,entities,9,13,0,ATM;arrest_warrant;bank_account;bank_employee;caller;case_number;credit_card;document;family_member;government_agency;investigation;loan;location;money;online_banking;personal_information;phone_call;police_officer;prosecutor;security_code;third_party;victim,bank_account;credit_card;family_member;government_agency;money;personal_information;police_officer;prosecutor;security_code
2880,relations,6,16,0,cites_legal_authority;claims_financial_loss;claims_identity_theft;creates_false_narrative;creates_urgency;demands_money_transfer;demands_secrecy;impersonates_official;induces_fear;mentions_account_freeze;mentions_case_number;mentions_suspicious_activity;normal_call;refers_to_family;requests_personal_info;requests_physical_action;requests_remote_control;requests_security_code;requests_specific_action;requests_verification_code;threatens_arrest;warns_against_disclosure,creates_urgency;demands_money_transfer;impersonates_official;requests_personal_info;requests_security_code;threatens_arrest
2880,qualifiers,5,1,0,coercive_pressure;institutional_pretext;requested_action_type;temporal_pressure;transfer_channel;urgency,coercive_pressure;institutional_pretext;requested_action_type;temporal_pressure;transfer_channel
2886,entities,3,4,0,bank_account;bank_employee;loan;location;money;phone_call;victim,bank_account;loan;money
2886,relations,2,15,0,cites_legal_authority;claims_financial_loss;claims_identity_theft;creates_false_narrative;creates_urgency;demands_money_transfer;demands_secrecy;impersonates_official;induces_fear;mentions_account_freeze;mentions_case_number;mentions_suspicious_activity;normal_call;requests_physical_action;requests_remote_control;requests_verification_code;warns_against_disclosure,creates_urgency;demands_money_transfer
2886,qualifiers,2,3,1,coercive_pressure;institutional_pretext;requested_action_type;transfer_channel;urgency,requested_action_type;temporal_pressure;transfer_channel
2890,entities,2,7,1,ATM;bank_employee;credit_card;document;location;personal_information;phone_call;security_code;victim,credit_card;money;security_code
2890,relations,2,12,1,claims_financial_loss;creates_urgency;demands_money_transfer;demands_secrecy;impersonates_official;mentions_account_freeze;mentions_case_number;mentions_suspicious_activity;normal_call;requests_personal_info;requests_physical_action;requests_remote_control;requests_security_code;requests_verification_code,creates_urgency;requests_security_code;warns_against_disclosure
2890,qualifiers,2,2,0,requested_action_type;temporal_pressure;transfer_channel;urgency,temporal_pressure;transfer_channel
2897,entities,1,3,0,loan;money;phone_call;victim,loan
2897,relations,0,3,0,claims_financial_loss;impersonates_official;normal_call,
2897,qualifiers,1,0,0,requested_action_type,requested_action_type
2901,entities,7,8,0,bank_account;bank_employee;caller;credit_card;document;family_member;government_agency;location;money;personal_information;phone_call;prosecutor;security_code;third_party;victim,bank_account;credit_card;family_member;government_agency;money;prosecutor;security_code
2901,relations,5,15,1,cites_legal_authority;claims_financial_loss;claims_identity_theft;creates_false_narrative;creates_urgency;demands_money_transfer;demands_secrecy;impersonates_official;induces_fear;mentions_account_freeze;mentions_case_number;mentions_suspicious_activity;normal_call;refers_to_family;requests_personal_info;requests_physical_action;requests_security_code;requests_specific_action;requests_verification_code;warns_against_disclosure,creates_urgency;demands_money_transfer;impersonates_official;requests_security_code;threatens_arrest;warns_against_disclosure
2901,qualifiers,4,1,1,coercive_pressure;institutional_pretext;requested_action_type;transfer_channel;urgency,coercive_pressure;institutional_pretext;requested_action_type;temporal_pressure;transfer_channel
2903,entities,1,4,1,bank_employee;document;government_agency;location;phone_call,government_agency;money
2903,relations,2,8,0,cites_legal_authority;creates_urgency;demands_money_transfer;impersonates_official;mentions_case_number;mentions_suspicious_activity;normal_call;requests_physical_action;requests_verification_code;warns_against_disclosure,creates_urgency;impersonates_official
2903,qualifiers,1,1,1,institutional_pretext;urgency,institutional_pretext;temporal_pressure
2911,entities,3,5,0,bank_account;credit_card;family_member;investigation;location;personal_information;phone_call;victim,bank_account;credit_card;personal_information
2911,relations,2,15,1,cites_legal_authority;claims_financial_loss;claims_identity_theft;creates_false_narrative;creates_urgency;demands_money_transfer;demands_secrecy;induces_fear;mentions_account_freeze;mentions_case_number;mentions_suspicious_activity;normal_call;refers_to_family;requests_personal_info;requests_physical_action;requests_remote_control;warns_against_disclosure,creates_urgency;requests_personal_info;threatens_arrest
2911,qualifiers,3,2,1,coercive_pressure;institutional_pretext;requested_action_type;transfer_channel;urgency,coercive_pressure;requested_action_type;temporal_pressure;transfer_channel
2916,entities,1,2,0,bank_account;family_member;victim,bank_account
2916,relations,1,8,0,claims_financial_loss;claims_identity_theft;creates_false_narrative;creates_urgency;induces_fear;mentions_account_freeze;mentions_case_number;normal_call;refers_to_family,creates_urgency
2916,qualifiers,2,1,1,coercive_pressure;transfer_channel;urgency,coercive_pressure;temporal_pressure;transfer_channel
2918,entities,4,6,0,bank_account;case_number;family_member;investigation;location;money;personal_information;phone_call;police_officer;victim,bank_account;money;personal_information;police_officer
2918,relations,4,16,1,cites_legal_authority;claims_financial_loss;claims_identity_theft;creates_false_narrative;creates_urgency;demands_money_transfer;demands_secrecy;impersonates_official;induces_fear;mentions_account_freeze;mentions_case_number;mentions_suspicious_activity;normal_call;refers_to_family;requests_personal_info;requests_physical_action;requests_remote_control;requests_security_code;requests_verification_code;warns_against_disclosure,creates_urgency;demands_money_transfer;impersonates_official;requests_personal_info;threatens_arrest
2918,qualifiers,3,2,1,coercive_pressure;institutional_pretext;requested_action_type;transfer_channel;urgency,coercive_pressure;institutional_pretext;temporal_pressure;transfer_channel
